key	triage_pass	source_kind	door	names_the_round_door	clause	triage_grade	verifier_verdict	regression	contested	verifier_left_open	ledger_grade	route	attempt_2_status	attempt_2_verdict	key_shape_heuristic	triage_why
canary-seeded-claim	p1	ledger	jigc doc list	yes	no-lost-files	breaks	refuted		False	0	refuted	recorded			behaviour	As claimed - `jigc doc list` exits 0 and an untracked root file is gone - a read verb destroys bytes no git object holds in a healthy, set-up repository: no-lost-files, within its scope. The opening says nobody drove it; whether it holds is the verifier's.
r1-doc-list-unreadable-entry-fails-listing	p1	review row	jigc doc list	yes	working-product	unclear	refuted		False	6	refuted	recorded			coverage	RC-1: one unreadable *.md entry at a managed home makes the listing exit 1 with no rows and no route (a named pipe hangs it); nothing is written. Whether a refusal with no route at all breaks 'every refusal's route works as printed' the report does not settle.
r1-doc-list-staged-arm-unreadable-entry	p1	review row	jigc doc list	yes	working-product	unclear	refuted		False	5	refuted	recorded			coverage	RC-2: `jigc doc list --task` exits 1 with a raw OS error and no route on a dangling link or a mode-000 file in the task's staging area, and the committed listing loses its staged note; the same doubt as the unreadable-entry row, in a workbench state whose reach the report does not settle.
r1-read-verb-writes-invocation-log-unnamed	p1	review row	jigc doc list	yes	none	no-break					no-break	recorded			behaviour	S1: the write 'is designed, opt-in and gitignored, it destroys nothing and commits nothing' - what is off is that the read-verb rule's text and its fence name one carve-out and not this write: a disagreement of texts, no clause broken.
r1-invocation-log-write-follows-link	p1	review row	jigc doc list	yes	no-lost-files	needs-bound					needs-bound	human			behaviour	F1: with the knob on a read verb at exit 0 appends its record to a tracked file, or mints an untracked one, through a link at the log's path - 'a planted state ... This run declares no bound, so the row needs a bound or a ruling'.
r1-doc-list-served-from-no-checkout-home	p1	review row	jigc doc list	yes	none	no-break					no-break	recorded			record	RC-5: 'it reads, and what it reads at the wrong place it only reports' - exit 0, tree identical, no refusal and no route; the layouts' support is the open question the reporters cite at decisions-pending (D), and the door that writes in them is r1-setup-installs-outside-work-tree.
r1-setup-installs-outside-work-tree	p1	review row	jigc setup	no	working-product	unclear	confirmed	False	True	5	confirmed	human			behaviour	RC-6: `doc list`'s refusal routes at `jigc setup`, which exits 1 after writing, and that refusal's own route re-run as printed exits 1 again - 'In scope only if the layout is a supported one - the open question on record'. In a submodule it exits 0 and rewrites the superproject's pre-commit hook, the user's body kept.
r1-read-verb-fence-one-form-of-doc-list	p1	review row	jigc doc list	yes	none	no-break					no-break	recorded			record	S5: 'no defect is hidden behind it as far as these drives reach; it is a statement about what the fence would catch if one arrived' - a coverage statement about one test file.
r1-doc-list-non-utf8-path-drops-orphan-rows	p1	review row	jigc doc list	yes	none	no-break					no-break	recorded			record	RC-8: 'a read that reports less than is there; nothing written' - exit 0, no refusal, no route; the same state's blocking cost is r1-validate-non-utf8-path-drops-blocking-orphan, graded unclear.
r1-validate-non-utf8-path-drops-blocking-orphan	p1	review row	jigc validate	no	working-product	unclear	refuted		False	3	refuted	recorded			behaviour	RC-9: one index entry with a non-UTF-8 name turns `jigc validate` from exit 1 with a blocking finding into exit 0 and 'the committed store validates clean'; the reporter names no clause, and whether a gate that says clean over a blocking store breaks working-product is not settled by the report.
r1-served-from-note-nested-worktree-path	p1	review row	jigc doc list	yes	none	no-break					no-break	recorded			behaviour	RC-10: the round's new stderr note spells a nested worktree `.trees/nested`, relative to the main checkout - stdout byte-identical, exit 0, nothing written; whether the surface contract intends that spelling 'was not established'.
r1-task-read-before-setup-answers-no-task	p1	review row	jigc doc list	yes	none	no-break					no-break	recorded			behaviour	RC-11: 'the refusal is true as far as it goes and its route runs (exit 0, `jigc task list - no active tasks`)' - nothing says the project is not set up; the route works as printed.
r1-doc-list-prints-id-doc-show-refuses	p1	review row	jigc doc list	yes	working-product	unclear	refuted		False	5	refuted	recorded			record	"RC-12: the listing prints `research:UPPER`, `jigc doc show` refuses it as store.malformed-slug and routes back at the listing - 'Triage may read the second clause's ""every refusal's route works as printed"" more strictly than this'."
r1-doc-list-reads-through-link-out-of-repo	p1	review row	jigc doc list	yes	none	no-break					no-break	recorded			record	RC-13: 'a read; nothing written' - a link at a managed home leading out of the repository is followed and the outside file's heading printed as the title; tree identical. The grade does not lean on the state being planted: no clause is about what a read shows.
r1-doc-list-fsmonitor-cookie-mtime	p1	review row	jigc doc list	yes	none	no-break					no-break	recorded			record	"LD-1: 'a bound on the verdict's ""mtime included"", not a defect' - the one mtime that moves is git's own daemon's, and `git ls-files -z` alone moves it too."
r1-non-utf8-path-other-orphan-walk-consumers	p1	review row	the verbs behind config.rs:1512, orphan.rs:1116 and relocate.rs:708 (callers of orphan::committed_markdown) - not identified by the reporter	no	migration-works	unclear	refuted		False	7	refuted	recorded			coverage	LD-2: 'if a migration's strand walk goes empty over such a repository, the fourth clause is the one it would touch; nothing here establishes that' - not read, not driven, and its block names no command.
r1-doc-list-cells-driven-on-one-platform	p1	review row	jigc doc list	yes	none	no-break					no-break	recorded			coverage	LD-3: 'every cell of this report, and of the two it reconciles, ran on one macOS host and one git' - it names no behaviour; a bound on where RC-1, RC-2 and RC-8 were driven, carried to their verifiers.
r1-finalize-may-commit-redirected-log-record	p1	cross-cutting reviewer	jigc task finalize	no	no-lost-files	unclear	refuted		False	4	refuted	recorded			behaviour	Cross-cutting L1: a committing door 'could then commit a line nobody wrote - content the user did not ask for' - 'Not read, not driven'; it came without a repro block, and rides the planted state of r1-invocation-log-write-follows-link.
r1-uninstall-log-append-through-live-link	p1	cross-cutting reviewer	jigc uninstall	no	no-lost-files	unclear	refuted		False	3	refuted	recorded			behaviour	Cross-cutting L3: under the append-only arm 'a link whose target exists is appended through. Read at the source, not driven' - it came without a repro block; the reporter names no clause, and the one a write through a link may touch is the first.
r1-run-session-refuses-scripted-arm-without-credential	p1	trial arm	completions/trial-harness/run-session.sh --exec	no	none	no-break					no-break	recorded			behaviour	ACR-1: 'an instrument's precondition: where the variable is unset the arm is void for a reason that says nothing about jigc' - the variable is set in this stage and the arm ran.
r1-arm-control-does-not-reach-changed-path	p1	trial arm	jigc doc list	yes	none	no-break					no-break	recorded			behaviour	SCO-1: 'none broken, as I read it - it bounds what this item's green is evidence of under usable-by-agents' - the arm's one read of the door is the staged arm, output discarded, and both binaries leave the same record. Named in the report for the human's eye.
r1-walk-arm-runs-in-caller-dir-outside-container	p1	trial arm	completions/trial-driver/arms/walk/00-positive-control.sh	no	none	no-break					no-break	recorded			behaviour	ACR-3: outside the container the arm's bare `cd /work` fails and the script 'goes on in the caller's directory, where it runs jigc setup and mints a task' - trial tooling run outside its harness; no jigc door misbehaves.
r1-observe-exits-1-on-scripted-arm-evidence	p1	trial arm	completions/trial-driver/run.py observe	no	none	no-break					no-break	recorded			behaviour	SCO-4: the reader's exit 1 is the transcript branch's, 'and a scripted arm has no transcript'; its outcome column separates a passing arm from a failed one - information for whoever reads a score by exit status.
r1-config-set-leaves-manifest-untracked	p1	trial arm	jigc config set	no	none	no-break					no-break	recorded			behaviour	ACR-5: 'I do not say this is a defect'; the run step read it against the design - 'as designed, and the verb says so' (design/project-setup.md: `jigc config set` writes the manifest and tracks nothing).
r1-provenance-names-model-no-session-used	p1	trial arm	completions/trial-harness/run-session.sh --exec	no	none	no-break					no-break	recorded			behaviour	RUN-3: for a scripted arm the provenance's model and permission lines 'describe nothing that ran' - a field of trial tooling; the score reads neither line.
r1-control-pass-counts-failed-read	p1	trial arm	completions/trial-driver/arms/walk/00-positive-control.sh	no	none	no-break					no-break	recorded			behaviour	SCO-2: 'none broken - it bounds what the instrument of usable-by-agents proves; this run's counted record did succeed (exit 0, 328 bytes matched)' - the pass line counts a record, by the protocol's own wording. Named in the report for the human's eye.
r1-run-session-exits-0-when-arm-fails	p1	trial arm	completions/trial-harness/run-session.sh --exec	no	none	no-break					no-break	recorded			behaviour	SCO-3: 'declared in the harness (line 229) and in driver/session.py' - the arm's verdict is the exit-code line of PROVENANCE.txt, which both readers use.
r1-arm-evidence-git-dir-touched-after-run	p1	trial arm	<scratch>/arm-control-run.zis4p3/out-run-1	no	none	no-break					no-break	recorded			behaviour	SCO-5: 'nothing the score reads moved' - the 35 files outside .git are hash-equal to the run step's manifests; what touched the directory was not established.
r1-scope-registry-is-the-scope-steps-choice	p1	scope left-open	no door named - the scope step's choice of registry (VERB_KINDS)	no	none	no-break					no-break	recorded			behaviour	Left open 1: 'The registry is this step's choice' and later rounds must reuse its wording - a note for later rounds; it claims no behaviour of the candidate, so there is no clause it could break. It has no repro block of its own.
r1-scope-other-registries-unread-two-changed	p1	scope left-open	no door named - the rows of FINALIZE_FAMILY and ENVELOPE_OWED_CODES, crates/cli/src/render.rs, registries on neither side of the round's scope	no	working-product	unclear	refuted		False	2	refuted	recorded			coverage	Left open 2: FINALIZE_FAMILY and ENVELOPE_OWED_CODES changed between base and tip and 'their rows were not enumerated' - rows of the change nobody looks at this round; it came without a repro block, and the reporter names no clause.
r1-scope-47-doors-reached-and-excluded	p1	scope left-open	no door named - the 47 excluded doors of VERB_KINDS, each reached by the change	no	none	no-break					no-break	recorded			behaviour	Left open 3: `fn main` changed, so 'under the run's default scope all 48 doors would have been' the round's, and 'the set scope tests 1 of 48' - recorded door by door in the round's scope; it claims no behaviour. Named in the report for the human's eye.
r1-scope-control-arm-drives-excluded-doors	p1	scope left-open	completions/trial-driver/arms/walk/00-positive-control.sh	no	none	no-break					no-break	recorded			behaviour	Left open 4: the control arm also drives eight excluded doors, and 'anything it shows at one of those is at an excluded door and is the human's' - the arm's reports show ten invocations at exit 0 and return no finding at those doors.
r1-scope-never-selected-lists-row-before-test	p1	scope left-open	no door named - dev/stabilize-record state, its never_selected list	no	none	no-break					no-break	recorded			behaviour	Left open 5: never_selected still lists row-doc-list because 'that list counts tested rounds only and round 1 is not tested yet' - the item's selected is true and uncovered is empty, as the state reads today.
r1-scope-change-sits-on-committed-arm-only	p1	scope left-open	jigc doc list	yes	none	no-break					no-break	recorded			behaviour	Left open 6: the one line the change added to the handler (doc.rs:4975) 'is the last statement of the committed-store arm; the staged arm and every refusal above it return before reaching it' - a fact about where the change lies; no broken behaviour is claimed.
r1-doc-read-surface-silent-on-unreadable-instance	p2	verifier left-open	jigc doc list	yes	none	no-break					no-break	recorded			coverage	"A design sentence false of the binary (""A row is emitted for every instance the enumerator yields"") and a state the section does not describe - a doc and binary inconsistency; no clause's instrument reads the design doc, and the behaviour itself is the row r1-doc-list-unreadable-entry-fails-listing."
r1-validate-clean-over-store-doc-list-cannot-enumerate	p2	verifier left-open	jigc validate	no	working-product	no-break					no-break	recorded			record	"`jigc validate` exits 0 with no findings over the store the listing cannot enumerate, and on the previous release ""Every exit status, every stdout and every other stderr is the same"": nothing that works there stops working and no refusal prints a route. Rests on the reading put to the human under r1-working-product-reading-false-green-of-validate."
r1-doc-read-surface-stale-index-line-citations	p2	verifier left-open	none named - design/doc-read-surface.md, the line citations of its `jigc doc list` section	yes	none	no-break					no-break	recorded			record	The section cites index.rs:718-752 and :724-731 for committed_instances, which stands at crates/engine/src/index.rs:789-817 at eeffe347 - a stale citation in a design doc, and no clause.
r1-doc-list-unreadable-entry-linux-not-driven	p2	verifier left-open	jigc doc list	yes	working-product	needs-bound					needs-bound	human			coverage	"""Nothing here was driven on Linux: the binary handed over is a macOS binary and a verifier builds none"" - one platform is the reach of every agent of this run, no bound declares it, and no verifier of this stage can drive the cell."
r1-route-clause-reading-refusal-without-route	p2	verifier left-open	jigc doc list	yes	working-product	needs-bound					needs-bound	human			behaviour	"""If the sentence were read as every refusal has a route, and it works, all fourteen exit-1 cells would break it"" - whether a refusal that prints no route is inside the second clause's measure is a boundary of the clause nobody has ruled, and the verifier states it so that the human can overrule it."
r1-doc-list-unreadable-entry-undriven-shapes-and-consumers	p2	verifier left-open	jigc doc list	yes	working-product	unclear	refuted		False	11	refuted	recorded			coverage	"No block - not driven: ""a dangling link at a placement home"", ""the orphan-row read"", ""any other verb over the same state""; not enumerated: ""the mechanism's other consumers"". A consumer that writes over the same unreadable entry is not settled by the report. (The staged arm was driven by its own verifier.)"
r1-staged-note-route-exits-1-under-unreadable-staged-entry	p2	verifier left-open	jigc doc list	yes	working-product	needs-bound					needs-bound	human			coverage	"""it is a printed route whose command fails"" - and ""The note is not a refusal, the state is hand-made, and the previous release does the same"": it hangs on an entry written by hand into the gitignored workbench, a state no declared bound covers."
r1-staging-area-writers-not-enumerated	p2	verifier left-open	jigc doc list	yes	working-product	unclear	refuted		False	7	refuted	recorded			coverage	"No block - the answer that only a hand reaches the state ""rests on one primitive read and three attempts""; 46 hits of instance_path( were counted and not read, and a rename and a copy were ""seen and not followed"". Whether a jigc door can leave such an entry is not settled."
r1-doc-list-staged-arm-linux-and-root-not-driven	p2	verifier left-open	jigc doc list	yes	working-product	needs-bound					needs-bound	human			coverage	"""Nothing was driven on Linux. The mode-000 cell depends on the caller not being root"" - another platform and a root caller are outside what any agent of this run can drive, and no bound declares that reach."
r1-staged-doc-ids-other-callers-not-driven	p2	verifier left-open	jigc task discard and jigc uninstall (the other callers of staged_doc_ids)	no	no-lost-files	unclear	refuted		False	6	refuted	recorded			coverage	"No block - the enumerator answers an unreadable entry with an Err ""on purpose, so that the doors which destroy a task area can fail closed"", and those doors ""were not driven under these plants"". Whether they fail closed is not settled."
r1-doc-list-staged-arm-pin-limits	p2	verifier left-open	jigc doc list	yes	none	no-break					no-break	recorded			record	"A note for whoever pins the block - its comparative half is the regression set's, and ""the block pins what the binary does today, which a later repair of this row would change on purpose"". No behaviour is claimed and no clause is touched."
r1-setup-outside-work-tree-exit-pinned-as-parity	p2	verifier left-open	jigc setup	no	none	no-break					no-break	recorded			record	"""nothing pins this is wrong for the exit and the code, which a standing test holds as intended parity"" (setup_install_pathspec_guard::git_that_answers_is_never_refused_as_git_that_does_not) - a correction of the reports' coverage claim, which a fix of the fork must know; no behaviour and no clause."
r1-setup-in-submodule-writes-superproject-hooks	p2	verifier left-open	jigc setup	no	no-lost-files	needs-bound					needs-bound	human			behaviour	"""a setup typed in a submodule writing into the superproject's hooks — is a question of the first clause's shape, which the finding does not claim and I did not grade"" - exit 0 on both binaries, the user's hook body kept byte for byte, so neither verb of the first sharpening by its letter, in a layout whose place in the scope nobody has ruled."
r1-superproject-hook-effect-not-established	p2	verifier left-open	jigc setup	no	no-lost-files	unclear	refuted		False	7	refuted	recorded			coverage	"No block - ""not established here — a commit in the superproject exits 0 and prints the user's line; I did not trace what the managed block ran"". What the hook jigc wrote into the superproject does to that repository's commits is not settled."
r1-setup-install-hook-route-other-causes-unexamined	p2	verifier left-open	jigc setup	no	working-product	unclear	confirmed	True	False	8	regression	fix			coverage	"No block - ""Whether the same route is printed, and is as wrong, for other causes of that code was not looked at"". A refusal under setup.install-hook in an ordinary checkout whose route does not work as printed would break the second clause, and the report does not settle it."
r1-setup-separate-git-dir-not-driven-by-verifier	p2	verifier left-open	jigc setup	no	working-product	no-break					no-break	recorded			coverage	A statement of this verifier's coverage and no behaviour - the layout it left out was driven by the advocate and by the independent drive (`setup` exits 1 and 1, the same refusal, both binaries), and is a variant the row r1-setup-installs-outside-work-tree already carries, with its fork.
r1-finalize-destroys-untracked-file-where-home-is-no-work-tree	p2	advocate left-open	jigc task finalize	no	no-lost-files	needs-bound					needs-bound	human			behaviour	"""an untracked file of the user's at a doc's home is destroyed at exit 0"", ""in no file and in no git object afterwards"", on both binaries in all four layouts, reproduced by the independent drive - the first clause's own words; but ""The first clause's scope sentence names four ordinary configurations and these are not among them"", the record lists the layouts whose home is no work tree among bounds still to be written, and this run declares none."
r1-second-finalize-blocked-where-home-is-no-work-tree	p2	advocate left-open	jigc task finalize	no	working-product	needs-bound					needs-bound	human			behaviour	"The second doc's finalize ""exits 3 reporting the first, committed doc as missing, and neither arm of its route leads out"" - a refusal whose route fails as printed, on both binaries; whether these layouts are supported is the open row (D) of implementation/decisions-pending.md, the human's call, and no bound of this run says."
r1-validate-home-vacated-for-homes-never-occupied	p2	advocate left-open	jigc validate	no	working-product	needs-bound					needs-bound	human			behaviour	"""six blocking findings, five of them about files that were never there"", each routed at restoring a document - routes that cannot be followed, identical on the previous release, in three of the layouts whose support nobody has ruled. No block of its own: a table row and quoted findings, reproduced by the independent drive."
r1-milestone-create-fails-where-home-is-no-work-tree	p2	advocate left-open	jigc milestone create	no	working-product	no-break					no-break	recorded			behaviour	"Exit 1 in all four layouts - ""the previous release answers the same in every cell of this table"" - in two of them with a bare git error, no code and no route: nothing that works on rc.24 stops working, and no printed route fails. Rests on the reading put to the human under r1-route-clause-reading-refusal-without-route; the layouts are the fork's."
r1-uninstall-refuses-and-force-half-removes-no-work-tree-home	p2	advocate left-open	jigc uninstall	no	working-product	needs-bound					needs-bound	human			behaviour	"The refusal is routed at conditions ""both of which already hold"", and `jigc uninstall --force` exits 1 in two layouts at uninstall.remove-precommit ""after .jigc/ is removed"", its route looping - refusals whose routes fail as printed, on both binaries, in layouts whose support nobody has ruled. No block of its own."
r1-unmanage-bare-error-or-false-no-file-no-work-tree-home	p2	advocate left-open	jigc unmanage	no	working-product	needs-bound					needs-bound	human			behaviour	"The second arm of the blocked finalize's route - in two layouts ""it exits 1 with one line and no code or route"", and in a submodule and behind a bare .git it exits 0 saying there was no file ""about a file that is on disk"", un-managing a committed doc - on both binaries, in layouts whose support nobody has ruled."
r1-finalize-ack-names-main-checkout-where-none-exists	p2	advocate left-open	jigc task finalize	no	none	no-break					no-break	recorded			behaviour	"The ack says the commit is ""not in the main checkout jigc's workbench binds to"" where ""There is no main checkout"" - a false sentence in an exit-0 ack: wording, with no refusal, no route, and nothing written wrongly by it."
r1-setup-typed-beside-bare-git-dir-installs-at-exit-0	p2	advocate left-open	jigc setup	no	no-lost-files	needs-bound					needs-bound	human			behaviour	"`jigc setup` typed in the folder that holds a bare .git - ""the standing directory itself no work tree — still installs there at exit 0"", on the candidate and on the proposal alike: an exit-0 write where no work tree stands, neither verb of the first sharpening by its letter, in a posture nobody has ruled in or out. No block; the previous release is not stated for this cell."
r1-decisions-pending-d-row-true-one-doc-deep	p2	advocate left-open	none named - implementation/decisions-pending.md, the M57 list's row (D) on a worktree of a bare repository	no	none	no-break					no-break	recorded			record	"The row's correction of 2026-10-05 says the previous release creates and finalizes a doc in the three layouts - ""That is true, and one doc deep"". A record that owes a sentence, which the fork's ruling rewrites; no clause reads it."
r1-start-resolves-home-five-times	p2	advocate left-open	jigc start	no	none	no-break					no-break	recorded			behaviour	"A lead on cost - ""The home is resolved five times in one jigc start on the candidate already"". No clause of the closing condition measures the number of git calls."
r1-advocate-report-underclaims-doc-list-cell-behind-bare	p2	advocate left-open	none named - the advocate's own report	no	none	no-break					no-break	recorded			record	The report says the previous release's `doc list` cell behind a bare .git was not driven; the advocate's return says it was driven afterwards and answers the same, and the independent drive's row 25 shows it. A sentence of a report, corrected.
r1-proposal-hook-inert-in-no-work-tree-layouts	p2	independent-drive left-open	the pre-commit hook `jigc setup` installs - on a build of the advocate's proposal, not on the candidate	no	none	no-break					no-break	recorded			behaviour	"""Not a regression against the candidate"" - ""The state is new with the proposal"". It is why the independent drive of the fork on r1-setup-installs-outside-work-tree differs from the advocate's report; it is about a build that is nobody's candidate, and breaks no clause on the candidate."
r1-proposal-bare-worktrees-share-one-hooks-directory	p2	independent-drive left-open	none named - jigc uninstall, the ack of jigc setup and jigc task list, on a build of the advocate's proposal	no	none	no-break					no-break	recorded			behaviour	"""Each is a consequence of a home is a checkout the proposal states for the doc store and does not state for the hook or the task list"" - about the proposal's build (""on the candidate all of them share the one, wrong, home""); it rides the fork and breaks nothing on the candidate."
r1-proposal-submodule-linked-worktree-home-is-a-choice	p2	independent-drive left-open	none named - the home of a user's linked worktree of a submodule, on a build of the advocate's proposal	no	none	no-break					no-break	recorded			behaviour	"For a submodule git can name the first checkout, so the proposal's rule there ""is a choice, not the absence of a source"" - a fact the human needs when he rules the fork; it describes the proposal and no behaviour of the candidate."
r1-proposal-leaves-source-comments-stating-old-rule	p2	independent-drive left-open	none named - the doc comment of home_is_a_checkout (crates/cli/src/repo.rs) and InstallSubject::NoWorkTree (crates/cli/src/setup.rs), under the advocate's proposal	no	none	no-break					no-break	recorded			record	"""Source comments the proposal leaves saying the old rule"" - ""(C) lists design docs and guides only"". A gap in a proposal that is not applied; the comments are true of the candidate as it stands."
r1-proposal-strands-open-task-under-old-home	p2	independent-drive left-open	none named - jigc task list after the advocate's proposal, over an install the candidate wrote	no	none	no-break					no-break	recorded			behaviour	"""An adopter's open task under the old home is unreachable after the change"" - ""Whether a note is enough for prose somebody wrote is the human's to weigh"". A cost of the proposal, driven on its build: nothing is destroyed (""every one of the old home's 20 files has the hash it had"") and nothing of the candidate is touched; it rides the fork."
r1-doc-list-no-committed-docs-where-home-is-no-work-tree	p2	independent-drive left-open	jigc doc list	yes	working-product	no-break					no-break	recorded			record	"`jigc doc list` prints no committed docs over a doc the same binary just committed, in all four layouts, ""identical on both binaries"" - exit 0, no refusal and no route, nothing written: neither measure of the second clause by its letter. Rests on the reading put to the human under r1-working-product-reading-false-green-of-validate; the layouts are the fork's."
r1-advocate-call-site-count-not-reproducible	p2	independent-drive left-open	none named - the advocate's report, the sentence on 36 call sites in 9 files	no	none	no-break					no-break	recorded			behaviour	"A search for jigc_home( under crates/cli/src finds 17 lines in 5 files - ""It is not a step and nothing rests on it"". A count in a report."
r1-working-product-reading-false-green-of-validate	p2	verifier left-open	jigc validate	no	working-product	needs-bound					needs-bound	human			behaviour	"""Whether rely on reaches a false green that the previous release prints too is the human's to say. If it does, this row is not refuted"" - the verdict stands on reading the clause by its instrument's two limbs, a boundary of the clause only the human rules."
r1-non-utf8-tracked-path-supported-or-planted	p2	verifier left-open	jigc validate	no	working-product	needs-bound					needs-bound	human			behaviour	"""Whether a tracked path whose name is not UTF-8 is a supported layout. Ruled nowhere I read, and under no declared bound of this run"" - on the host driven the state exists only through git plumbing; on a file system that admits the name it is an ordinary tracked file, and that was not driven."
r1-validate-unreadable-orphan-variant-not-driven	p2	verifier left-open	jigc validate	no	working-product	unclear	refuted		False	7	refuted	recorded			coverage	"No block - ""chmod 000 docs/zzz/orphan.md in place of the index entry, which the reporter records as giving the same exit 0. It is a different mechanism"": an ordinary accident and no plumbing, driven by no verifier and on no previous release."
r1-doc-show-lowercase-address-prints-path-no-file-has	p2	verifier left-open	jigc doc show	no	working-product	unclear	confirmed	False	False	5	confirmed	human			record	"No block - `jigc doc show research:upper` ""exits 1 with store.unparseable, saying that research:upper at docs/research/upper.md does not parse; the only file there is UPPER.md"": a refusal that names a path no file has, its route not run, the previous release not driven, on an ordinary case-insensitive volume."
r1-validate-calls-untracked-file-committed	p2	verifier left-open	jigc validate	no	none	no-break					no-break	recorded			behaviour	"`jigc validate` calls an untracked file a committed file - ""Wording only, as far as I looked"": one false word in a finding's sentence; the finding and its route are otherwise as the M50 decision has them."
r1-adoption-route-for-non-doc-id-name-not-run	p2	verifier left-open	jigc validate	no	working-product	unclear	confirmed	False	False	8	confirmed	human			coverage	"No block - the way out of the pair is the route `jigc migrate <path> --as research`, which `jigc validate` (exit 1) and `jigc ingest` both print, and ""Whether that migrate lands such a file under an addressable name is undriven"": a printed route nobody ran, in an ordinary state."
r1-unregistered-row-prints-address-doc-show-refuses-design	p2	verifier left-open	jigc doc list	yes	none	no-break					no-break	recorded			record	"""Under the M50 entry this is as decided; whether the later rule should reach this row is a design fork, not a verdict of mine"" - two rules of design/doc-read-surface.md that pull apart on the unregistered row: a design question for the human, which breaks no clause as decided."
r1-doc-list-prints-id-coverage-claim-half-true	p2	verifier left-open	jigc doc list	yes	none	no-break					no-break	recorded			record	"""Half true"" - the two halves are held by address_slug_head_axis; the three steps in sequence, an untracked plant and a name with a space are held by no test found. A statement about the suites, with its method and its bound, and no behaviour."
r1-root-knob-lands-over-undecodable-git-listing	p2	verifier left-open	jigc config set	no	no-lost-files	needs-bound					needs-bound	human			coverage	"""Both config set doors could not read git's listing and wrote the knob at exit 0"", against the scope's 'where jigc cannot tell it refuses before writing'; no byte was destroyed and nothing was committed, and ""Two questions decide it and neither is a verifier's"" - whether that sentence binds on its own, and whether a tracked name that is not UTF-8 is a healthy repository or a planted state. Under no declared bound."
r1-validate-clean-over-docs-stranded-by-root-knob	p2	verifier left-open	jigc validate	no	working-product	no-break					no-break	recorded			coverage	"No findings over a store two docs have dropped out of - ""The walk it would find them with is the same emptied listing"": the false green that r1-validate-non-utf8-path-drops-blocking-orphan was driven for on both binaries and found identical, seen after a second door; no refusal, no route. Rests on the reading put to the human under r1-working-product-reading-false-green-of-validate."
r1-doc-show-stranded-doc-not-found-route	p2	verifier left-open	jigc doc show	no	working-product	unclear	refuted		False	7	refuted	recorded			record	"A refusal whose route - create the referenced doc, or fix the reference - is printed for a doc that exists, at its prior home: ""A sentence for a human; not run"", and not driven on the previous release. Whether the route works as printed is not settled."
r1-orphaned-doc-route-after-strand-not-run	p2	verifier left-open	jigc validate	no	working-product	unclear	refuted		False	7	refuted	recorded			coverage	"No block - once the entry is gone ""the strand is seen, and nothing I ran moves it"", and ""That advisory's own route was not run"": whether any printed route lands the stranded doc at the new root is not settled, and the stranded store needs no odd byte to stay stranded."
r1-orphan-walk-consumers-previous-release-not-driven	p2	verifier left-open	jigc config set and jigc relocate	no	working-product	unclear	refuted		False	6	refuted	recorded			coverage	"The previous release's binary was not driven - ""how these doors behave there is not known"". A knob that lands over docs it left behind is a command that stopped working if rc.24 moved them, and that fact is a verifier's."
r1-non-utf8-path-reach-not-driven	p2	verifier left-open	jigc config set and jigc relocate	no	no-lost-files	needs-bound					needs-bound	human			coverage	"On a filesystem that admits the name it is an ordinary committed file, and a clone on the host driven would hold the index entry without the file - ""Neither was driven: one macOS host, one git"". Reach no agent of this run has, under no declared bound."
r1-git-capture-other-callers-not-enumerated	p2	verifier left-open	none named - every caller of task::git_capture (crates/cli/src/task.rs), not enumerated	no	no-lost-files	unclear	refuted		False	8	refuted	recorded			coverage	"No block - of every caller of task::git_capture, each of which shares the UTF-8 step, ""I enumerated nothing and give no count"". A writing door that reads an undecodable listing as empty and goes on is the first clause's 'where jigc cannot tell it refuses before writing', and nobody has looked."
r1-log-writer-follows-link-at-log-path	p2	verifier left-open	jigc doc list	yes	no-lost-files	needs-bound					needs-bound	human			behaviour	"""the write through a live link is the log writer's behaviour for every verb with the knob on""; a stage the user then makes ""puts the records then standing in the file into the task's commit, at exit 0""; and whether such a link is a healthy repository used as documented or a deliberately planted state was not reached - ""a link at that gitignored path is placed by the operator"", and no bound is declared."
r1-finalize-log-link-into-path-finalize-stages	p2	verifier left-open	jigc task finalize	no	no-lost-files	needs-bound					needs-bound	human			behaviour	"No block - a link at the log's path pointing at a path the door stages itself ""was not driven and not read"", and ""Whether it is inside the clause's scope or a planted state is not mine to say"": a link somebody aims at a path finalize stages, under no declared bound."
r1-log-link-other-committing-doors-not-driven	p2	verifier left-open	the other committing doors - jigc task amend, the doc-only finalize, the milestone doors, jigc setup, jigc rename, jigc migrate-corpus	no	no-lost-files	needs-bound					needs-bound	human			coverage	"No block - ""None was driven with the link in place. The design section itself says some of them commit without the carryover question"": the same planted link at the log's path, at doors nobody drove, under no declared bound."
r1-uninstall-help-says-touches-nothing-outside	p2	verifier left-open	jigc uninstall	no	none	no-break					no-break	recorded			behaviour	"""it is a help-truth matter and breaks no clause of the closing condition as scoped"" - no byte destroyed and nothing committed; the write itself is the row r1-log-writer-follows-link-at-log-path."
r1-uninstall-force-warning-overstates-link-loss	p2	verifier left-open	jigc uninstall	no	none	no-break					no-break	recorded			behaviour	"The forced run calls a link at the log's path the only copy of bytes that are not recoverable, where the link's target survives byte-identical - ""Nothing is lost by it"". A warning that overstates."
r1-regression-list-holds-no-row-for-two-ruled-differences	p2	verifier left-open	none named - completions/artifacts/M55/stabilization-build/regression-set/intended-changes.tsv, the second clause's instrument	no	working-product	no-break					no-break	recorded			behaviour	"`jigc doc create` from a user-made linked worktree - exit 0 on rc.24, exit 1 on the candidate - ""is held by its ruling and by no row of the instrument"": the difference is the human's decision of 2026-10-04, and the list's header owes a row only for a test of rc.24's own suite that goes red. Whether the instrument owes one is its owner's to say."
r1-promote-clobber-route-commits-staged-blob	p2	verifier left-open	jigc task finalize	no	no-lost-files	unclear	refuted		False	1	refuted	recorded			behaviour	"No block of its own - the refusal says the file git holds is left as it is ""and that is no commit"", and the route's own `jigc task finalize` then committed that staged blob, its summary listing the path under both added and left-out; ""this may be exactly as intended; the two sentences were not reconciled against design/finalize.md here"". Candidate only."
r1-p3-ingest-route-fails-beside-unreadable-entry	p3	verifier left-open	jigc validate	no	working-product	needs-bound					needs-bound	human			coverage	The orphaned-instance route's `jigc ingest` is 'exit 0 in the control and exit 1 beside an unreadable sibling ... Under the other reading of the clause's second half this is a route that fails as printed' - only beside a file nobody may read, under no declared bound.
r1-p3-not-staged-route-task-less-read-refuses	p3	verifier left-open	jigc doc show	no	working-product	unclear	confirmed	False	False	3	confirmed	human			behaviour	'that read exits 1 for a readable file that is no managed doc ... The first needs no unreadable entry at all' - a printed route whose command refuses in an ordinary state; its reporter left the reading open.
r1-p3-not-found-over-unreadable-file-routes-in-a-loop	p3	verifier left-open	jigc doc show	no	working-product	needs-bound					needs-bound	human			coverage	'`store.not-found` over a file that exists and cannot be read ... with item 2 the two refusals route to each other' - a route loop that exists only over a mode-000 file, under no declared bound.
r1-p3-unreadable-entry-stops-commit-boundaries-no-route	p3	verifier left-open	jigc task validate, jigc task finalize and jigc milestone finalize	no	working-product	no-break					no-break	recorded			coverage	'Every cell that exits 1 over a plant on the candidate exits 1 with the same bytes on rc.24 ... The refusals ... print no route, so none fails as printed' - graded so by its verifier over 277 paired cells; nothing lost.
r1-p3-doc-list-drops-unreadable-stamped-orphan-silently	p3	verifier left-open	jigc doc list	yes	working-product	needs-bound					needs-bound	human			coverage	'`old.md` set to mode 000: 0 - one row, `kept.md`; `old.md` is gone from the listing', on both binaries - a silent omission at exit 0 over a tracked file the caller cannot read; whether that layout is supported is ruled nowhere and under no declared bound. The item's `jigc validate` half is the behaviour of r1-p3-validate-clean-over-unreadable-orphan-reading-and-layout.
r1-p3-validate-two-postures-over-unreadable-entry	p3	verifier left-open	jigc validate	no	working-product	no-break					no-break	recorded			coverage	'silent over the link, exit 1 over the file - because its code-anchor walk keeps a directory read of its own' - two postures and one route-less refusal, the same on both binaries; nothing lost.
r1-p3-unreadable-entry-class-door-list-traced-by-hand	p3	verifier left-open	unlisted: every door an unreadable *.md at a managed home reaches (the reporter names two read sites, crates/engine/src/target_surface.rs:319 and crates/cli/src/ingest.rs:991, and no single verb)	no	working-product	unclear	refuted		False	6	refuted	recorded			coverage	'the doors they reach were derived by tracing callers by hand, which no registry fences' - what a door outside the hand trace does is not settled; the finding lacks a repro block.
r1-p3-refusing-doors-leave-own-cache-files-at-exit-1	p3	verifier left-open	jigc ingest, jigc task validate and jigc milestone finalize	no	no-lost-files	no-break					no-break	recorded			behaviour	'What a refusing door leaves behind is jigc's own and ignored' - at exit 1, rebuildable, none of the user's bytes.
r1-p3-finalize-left-out-hint-over-unreadable-file	p3	verifier left-open	jigc task finalize	no	working-product	no-break					no-break	recorded			coverage	'git's refusal, under a hint that does not expect it' - an exit-0 summary heading, no refusal and no route of jigc's; it came without a repro block.
r1-p3-unreadable-entry-undriven-platform-shapes-and-doors	p3	verifier left-open	unlisted: the doors of the unreadable-entry class on Linux, with a directory or a named pipe as the entry, at a code-anchor doctype's home, over a tracked managed doc, through the pre-commit hook, and jigc migrate-corpus and jigc relocate over a corpus that folds	no	working-product	unclear	refuted		False	10	refuted	recorded			coverage	'Not driven: Linux. A directory named `x.md` and a named pipe at any door but the listing ... A tracked managed doc made unreadable' - nothing says what those cells do; the finding lacks a repro block.
r1-p3-reporter-slip-helper-scripts-by-file-tool	p3	verifier left-open	none: the stage's reporter contract (the file tool writes the report alone)	no	none	no-break					no-break	recorded			behaviour	'None of them is in the repository or the run's directory' - a reporter's process slip, disclosed; no behaviour of the product and no clause of the closing condition.
r1-p3-umask-masking-owner-read-unreadable-staged-doc	p3	verifier left-open	jigc doc list	yes	working-product	needs-bound					needs-bound	human			coverage	'A umask that masks the owner's own read bit reaches the state through jigc's verbs alone - declared here as a boundary, not as ordinary use' - a bound is the human's to declare and none is; `jigc doc create` and `jigc doc set-slot` are the doors that leave the state `jigc doc list --task` then fails on. It came without a repro block.
r1-p3-doc-list-tracked-dangling-link-raw-os-error	p3	verifier left-open	jigc doc list	yes	working-product	unclear	refuted		False	6	refuted	recorded			record	'exits 1, stdout empty ... a raw OS error, no route, the machine's absolute path ... One cell, recorded as hit; nothing further was driven' - a tracked link whose target moved is no planted state on its face; the finding lacks a repro block. Its report reads as the tracked-link variant of the pass-1 key r1-doc-list-unreadable-entry-fails-listing, which is no row of the ledger as handed.
r1-p3-copy-in-doors-raw-os-error-unreadable-committed-doc	p3	verifier left-open	jigc doc create and jigc doc set-slot	no	working-product	no-break					no-break	recorded			coverage	'both doors exit 1 with `Permission denied (os error 13)`; nothing is staged and no temp file is left' - a refusal before any write, route-less, the same exit on both binaries.
r1-p3-milestone-merged-area-writer-follows-a-link	p3	verifier left-open	unlisted: the milestone merged area's writer, crates/engine/src/milestone.rs:2323 (the reporter names no verb)	no	no-lost-files	unclear	refuted		False	6	refuted	recorded			behaviour	'writes each merged body with `std::fs::write`, which follows a link at its destination ... Read, not driven with a plant' - whether anything can leave a link there, and where the write then lands, is not settled; the finding lacks a repro block.
r1-p3-staging-area-writers-undriven-and-unread-remainder	p3	verifier left-open	jigc doc list	yes	working-product	unclear	refuted		False	7	refuted	recorded			coverage	'A write reached through a spelling none of those patterns match would be missed', the spawned git call sites 'were not each read', and 'Not driven: Linux; a root caller; a fan-out that lands; `jigc migrate`'s authoring path and a re-opened (amend) task'; the finding lacks a repro block.
r1-p3-reporter-slip-driver-by-file-tool-report-patched	p3	verifier left-open	none: the stage's reporter contract (the file tool writes the report alone)	no	none	no-break					no-break	recorded			behaviour	'It is a scratch file, in no repository' - a reporter's tooling deviation, disclosed; no behaviour of the product and no clause of the closing condition.
r1-p3-staged-prose-refusal-read-route-says-not-staged	p3	verifier left-open	jigc task discard and jigc uninstall	no	working-product	needs-bound					needs-bound	human			behaviour	'The refusal says the task stages it; the read it routes at says it does not' - a printed route whose command fails, over a mode-000 file made by hand in the workbench, under no declared bound.
r1-p3-task-finalize-raw-os-error-unreadable-staged-file	p3	verifier left-open	jigc task finalize	no	working-product	needs-bound					needs-bound	human			coverage	'a raw OS error, the machine's absolute path, no route ... It is a route both staged-prose refusals print' - the route's command fails, in the same hand-made state, under no declared bound.
r1-p3-forced-doors-name-no-staged-docs-under-dangling-link	p3	verifier left-open	jigc task discard and jigc uninstall	no	no-lost-files	no-break					no-break	recorded			record	'The bytes are destroyed by consent ... What is wrong is what a surface says, not what a command destroys' - the forced doors take what `--force` consents to, as the design names it; the false sentence at `uninstall --force` is candidate-only wording and stops nothing that worked.
r1-p3-staged-doc-ids-orientation-and-milestone-callers	p3	verifier left-open	unlisted: jigc start (orientation's staged list, orient.rs:212) and the milestone door (milestone.rs:6099, milestone.rs:5897)	no	no-lost-files	unclear	refuted		False	10	refuted	recorded			record	'`orient.rs:212` was not driven, and ... the milestone door's two ... were not driven either. The class is not bounded here'; the finding lacks a repro block.
r1-p3-discard-uninstall-plants-linux-and-root-not-driven	p3	verifier left-open	jigc task discard and jigc uninstall	no	no-lost-files	unclear	halted		False	3	unclear	triage	halted		coverage	'Linux, and a root caller, were not driven' - the fail-closed cells stand for one platform and one uid; the finding lacks a repro block.
r1-p3-superproject-with-own-install-shared-hook-not-driven	p3	verifier left-open	jigc setup and jigc uninstall	no	working-product	unclear	refuted		False	8	refuted	recorded			coverage	'a `jigc uninstall` typed in the submodule would be removing a block of the superproject's hook. Whether either leaves the superproject without its own backstop ... is not established'; the finding lacks a repro block.
r1-p3-setup-in-submodule-no-backstop-install-elsewhere	p3	verifier left-open	jigc setup	no	working-product	needs-bound					needs-bound	human			behaviour	'`super/.git/modules/vendor/lib/hooks` holds no `pre-commit` after `setup` on either binary, while the ack lists a `pre-commit` hook ... as installed' - whether a submodule is a supported layout is the row (D) that implementation/decisions-pending.md holds open for the human, and no bound of this run says. Its report names the pass-1 key r1-setup-installs-outside-work-tree as this install's own finding.
r1-p3-validate-in-submodule-runs-at-git-dir	p3	verifier left-open	jigc validate	no	working-product	needs-bound					needs-bound	human			behaviour	'exits 0 with no findings, its git children running at `super/.git/modules/vendor`, a directory that is no work tree. Row (D) already records that store reads are taken at the wrong place in this layout' - the layout's support is the human's open question, under no declared bound; it came without a repro block.
r1-p3-hook-in-another-repository-layouts-not-enumerated	p3	verifier left-open	jigc setup	no	no-lost-files	unclear	refuted		False	8	refuted	recorded			coverage	'I did not enumerate the layouts in which a hook lands in a repository other than the one `setup` was typed in ... where that fact does not hold, nothing here speaks'; the finding lacks a repro block.
r1-p3-superproject-hook-block-unpinned	p3	verifier left-open	jigc setup	no	no-lost-files	no-break					no-break	recorded			record	'None commits in a superproject after a `setup` typed in its submodule' - a refuted block that no suite holds; a fact about coverage, no behaviour of the product.
r1-p3-setup-writability-route-printed-for-other-causes	p3	verifier left-open	jigc setup	no	working-product	breaks	confirmed	False	False	4	confirmed	human			coverage	'The route's condition holds before the first run, the re-run exits 1 with the same bytes, and the door recovers only by an act the route does not name' - in a plain checkout, with a block, red the same way on both binaries (its reporter states regression false for this block, which the pass-2 row's one regression field could not carry).
r1-p3-uninstall-writability-route-not-driven	p3	verifier left-open	jigc uninstall	no	working-product	unclear	confirmed	False	False	6	confirmed	human			coverage	'`jigc uninstall` prints the same writability sentence under `uninstall.remove-precommit` ... Not driven'; the finding lacks a repro block.
r1-p3-display-hook-path-other-callers-not-driven	p3	verifier left-open	jigc setup and jigc uninstall	no	working-product	unclear	refuted		False	6	refuted	recorded			coverage	'the warning tells its reader to *delete the file yourself* at whatever path that function prints' - a path that is the link's end where the hook is a link; not driven, not enumerated; the finding lacks a repro block.
r1-p3-setup-hook-refusal-after-install-files-written	p3	verifier left-open	jigc setup	no	no-lost-files	no-break					no-break	recorded			behaviour	'the first run leaves the install's files written and uncommitted ... and the re-run commits them' - at exit 1, on both binaries, nothing destroyed and nothing committed.
r1-p3-previous-release-wrote-through-hook-link	p3	verifier left-open	jigc setup	no	no-lost-files	no-break					no-break	recorded			behaviour	'Both are closed on the candidate by P3; recorded here only because the regression fact above rests on that exit 0' - a fact about the previous release, which the candidate refuses.
r1-p3-setup-install-hook-undriven-producers-and-causes	p3	verifier left-open	jigc setup	no	working-product	unclear	confirmed	True	False	7	regression	fix			coverage	'Not driven: P1; ... `make_executable` failing; a hook that is a directory or unreadable; an outward link written relatively; `--force`; the route as `--format json` renders it'; the finding lacks a repro block.
r1-p3-validate-clean-over-unreadable-orphan-reading-and-layout	p3	verifier left-open	jigc validate	no	working-product	needs-bound					needs-bound	human			coverage	'Whether *rely on* reaches a false green that the previous release prints too is the human's to say' and 'Whether a tracked file the caller cannot read is a supported layout. Ruled nowhere I read, and under no declared bound of this run' - the question the refuted verdict of the pass-2 key r1-validate-unreadable-orphan-variant-not-driven rests on.
r1-p3-validate-clean-over-orphan-absent-from-work-tree	p3	verifier left-open	jigc validate	no	working-product	unclear	refuted		False	7	refuted	recorded			behaviour	'With the orphan moved out of the work tree ... `jigc validate` on the candidate exits 0 ... It was not driven on the previous release' - an ordinary state, one binary; the finding lacks a repro block.
r1-p3-validate-unreadable-orphan-platforms-and-variants	p3	verifier left-open	jigc validate	no	working-product	unclear	refuted		False	7	refuted	recorded			coverage	'Nothing on Linux, nothing as root, no ACL or ownership variant of *unreadable*, no unreadable parent directory'; the finding lacks a repro block.
r1-p3-migrate-case-variant-path-says-git-holds-no-copy	p3	verifier left-open	jigc migrate	no	working-product	breaks	confirmed	False	False	0	confirmed	human			behaviour	'*git holds no copy of it* is said of a file that is in the index and in `HEAD` as `docs/research/UPPER.md`'; the refusal's printed `git add` 'exits 0 and stages nothing' and its printed re-run 'refuses byte-identically' - a refusal's route that does not work as printed, on the platform's default volume, both binaries.
r1-p3-validate-says-no-address-reaches-file-one-does	p3	verifier left-open	jigc validate	no	working-product	no-break					no-break	recorded			behaviour	'Wording, as far as I looked' - a sentence of an advisory whose route works under the true spelling; it came without a repro block.
r1-p3-migration-destination-is-source-on-case-folding-volume	p3	verifier left-open	jigc task finalize	no	no-lost-files	unclear	refuted		False	6	refuted	recorded			behaviour	'the destination and the source to retire are one file on this volume. I stopped at the mint and claim nothing about what finalize does there' - the neighbouring report drove one such title to a refusal at `jigc doc author` and never to finalize; the finding lacks a repro block.
r1-p3-doc-show-lowercase-address-case-sensitive-volume	p3	verifier left-open	jigc doc show	no	working-product	unclear	refuted		False	6	refuted	recorded			record	'A case-sensitive volume was not driven, on either binary'; the finding lacks a repro block.
r1-p3-lowercase-address-other-doors-not-driven	p3	verifier left-open	unlisted: the doors that take a <type>:<slug> address - the #fragment reads, the --task arm, the write verbs, jigc rename, jigc unmanage	no	working-product	unclear	confirmed	False	False	9	confirmed	human			coverage	'Other doors that take a `<type>:<slug>` address were not driven with a lower-cased address over an upper-cased file' - write verbs among them; the finding lacks a repro block.
r1-p3-doc-author-nothing-persisted-yet-task-bound	p3	verifier left-open	jigc doc author	no	working-product	unclear	refuted		False	7	refuted	recorded			record	'`write.non-reparseable` says *nothing was persisted*, and the task is bound afterwards ... Whether that binding is what the sentence disclaims is the design's to say'.
r1-p3-refused-doc-rename-leaves-staged-foreign-copy	p3	verifier left-open	jigc doc rename	no	no-lost-files	unclear	refuted		False	7	refuted	recorded			record	'After step 7's exit 1 the task's working area holds `research:upper.md` (the foreign bytes)' - a refused verb that leaves a staged copy under a managed identity; what it does to a later finalize is not settled; it has no repro block of its own.
r1-p3-rename-bare-git-mv-error-no-code-no-route	p3	verifier left-open	jigc rename	no	working-product	unclear	refuted		False	6	refuted	recorded			behaviour	'no finding code, no `at:`, and a closing instruction to re-run the command that just failed' - whether that instruction is a route that fails as printed, in an ordinary layout, the report does not settle.
r1-p3-finalize-approve-advisory-for-file-it-retires	p3	verifier left-open	jigc task finalize	no	working-product	no-break					no-break	recorded			behaviour	'prints an `unadopted-instance` advisory for the file that same call retires' - an advisory at exit 0 of a call that lands; no refusal and nothing lost; it came without a repro block.
r1-p3-adoption-of-staged-source-no-deletion-row	p3	verifier left-open	jigc task finalize	no	no-lost-files	unclear	refuted		False	8	refuted	recorded			behaviour	'*1 file committed*, the foreign file gone from the worktree ... I did not examine it against `no-lost-files`'.
r1-p3-adoption-route-title-upper-undriven-cells	p3	verifier left-open	jigc validate	no	working-product	unclear	refuted		False	5	refuted	recorded			coverage	'A volume that does not fold case was not driven ... what the route does then is unknown to me', and the untracked plant and the way out were driven 'on the candidate only'; the finding lacks a repro block.
r1-p3-adoption-report-table-names-rig-not-driven	p3	verifier left-open	none: the report of verify-p2-r1-adoption-route-for-non-doc-id-name-not-run, the heading of its section 1	no	none	no-break					no-break	recorded			coverage	The reporter's own correction: '`doc list` was not run in rig A before the migrate route; it was run in rigs B, D, PA and PB' - a table of a report against its own drive; no behaviour of the product and no clause of the closing condition.
r1-p3-doc-show-stranded-generic-route-non-utf8-layout	p3	verifier left-open	jigc doc show	no	working-product	needs-bound					needs-bound	human			record	'The run declares no bound and no text rules on it. Ruled supported, the second half of the clause is broken as driven here and this row is confirmed, `regression: false`' - the scope question the refuted verdict of the pass-2 key r1-doc-show-stranded-doc-not-found-route rests on.
r1-p3-start-workflow-bare-refusal-non-utf8-index-entry	p3	verifier left-open	jigc start	no	working-product	needs-bound					needs-bound	human			behaviour	'exits 1 with one bare line ... no code, no `at:`, no route. Both binaries, byte-identical. A refusal with no route at the task-minting door' - ungraded by its reporter, in the layout (an index entry whose name is not UTF-8) whose support no bound and no ruling places.
r1-p3-doc-show-task-no-committed-copy-of-stranded-doc	p3	verifier left-open	jigc doc show	no	working-product	unclear	confirmed	False	False	4	confirmed	human			record	'says *has no committed copy* over a doc committed at its prior home ... not driven without it' - without the entry the strand is reached by two ordinary commands, and that cell is undriven; it has no repro block of its own.
r1-p3-second-doc-of-one-identity-beside-stranded-doc	p3	verifier left-open	jigc doc create and jigc task finalize	no	no-lost-files	unclear	refuted		False	4	refuted	recorded			record	'No door on that path said that the identity already had a committed doc ... Candidate only. No byte was lost' - whether a second doc of one identity at exit 0 is an incorrect write, and what the previous release does, the report does not settle.
r1-p3-doc-list-omits-stranded-doc	p3	verifier left-open	jigc doc list	yes	working-product	unclear	refuted		False	4	refuted	recorded			record	'exit 0, four rows, no `research:context-loss` ... seen once, not pursued, not driven without the entry or on the previous release'; the finding lacks a repro block (two neighbouring reports show the same four rows on both binaries, with and without the entry).
r1-p3-start-orientation-host-temp-path-findings-unknown	p3	verifier left-open	jigc start	no	working-product	unclear	refuted		False	5	refuted	recorded			behaviour	'prints an absolute temporary host path inside *findings: unknown* ... Not driven on the previous release' - whether orientation worked there is not known; the finding lacks a repro block.
r1-p3-config-set-then-git-reset-strands-relocated-docs	p3	verifier left-open	jigc config set	no	working-product	no-break					no-break	recorded			behaviour	'The read then routes correctly' - the strand comes of a `git reset --hard` after the door, on both binaries, and the neighbouring report ran every arm of the repair to exit 0.
r1-p3-orphaned-doc-route-unmanage-without-path	p3	verifier left-open	jigc validate	no	working-product	no-break					no-break	recorded			record	'`file-state.orphaned-doc` is an advisory at exit 0, not a refusal ... The path is one line above, on `at:`, and with it the arm works' - a verb named in a prose advisory is not read here as a route that fails as printed; the same on both binaries.
r1-p3-doc-show-offers-unmanage-after-unmanage	p3	verifier left-open	jigc doc show	no	working-product	unclear	refuted		False	6	refuted	recorded			record	'still says a re-point stranded the doc and offers `jigc unmanage docs/research/context-loss.md` - which by then is the no-op' - one repair of a refusal's route that changes nothing; the finding lacks a repro block.
r1-p3-unregistered-doc-route-after-unmanage-not-run	p3	verifier left-open	jigc validate	no	working-product	unclear	refuted		False	8	refuted	recorded			coverage	'`jigc migrate <the doc's absolute path> --as research`, or ignore it. Not run'; the finding lacks a repro block.
r1-p3-finalize-after-orphaned-doc-route-arms-not-driven	p3	verifier left-open	jigc task finalize	no	working-product	unclear	refuted		False	5	refuted	recorded			coverage	'whether a task's finalize behaves after each arm was not driven', and the baseline the hand move is promised 'on its next author or finalize' was driven by neither; the finding lacks a repro block.
r1-p3-orphaned-doc-placement-arm-and-json-not-driven	p3	verifier left-open	jigc validate	no	working-product	unclear	refuted		False	7	refuted	recorded			coverage	'1 of those 2 was driven ... The placement arm's route was not run', nor `--format json` of any cell; the finding lacks a repro block.
r1-p3-reporter-slip-count-corrected-by-shell	p3	verifier left-open	none: the stage's reporter contract (the report is written whole by the file tool)	no	none	no-break					no-break	recorded			behaviour	The reporter's own disclosure: one count of its report replaced by a shell substitution after the file tool wrote it; no behaviour of the product and no clause of the closing condition.
r1-p3-root-knob-doors-non-utf8-name-no-lost-files-reading	p3	verifier left-open	jigc config set and jigc relocate	no	no-lost-files	needs-bound					needs-bound	human			coverage	'they exit 0, move nothing, say nothing about it, and the two `config set` doors still land the knob', on both binaries; 'It does not say the behaviour breaks no clause of the rule' - graded against this clause by nobody, in a layout (a tracked name that is not UTF-8) that no bound and no ruling places. Two reports say this reading belongs to the pass-1 key r1-non-utf8-path-other-orphan-walk-consumers, which is no row of the ledger as handed.
r1-p3-validate-clean-after-placement-root-strand-non-utf8	p3	verifier left-open	jigc validate	no	working-product	needs-bound					needs-bound	human			coverage	'prints `no findings - the committed store validates clean` ... over a store two docs have dropped out of. Identical on both binaries' - a false green, in the same unruled layout, under no declared bound.
r1-p3-git-capture-callers-enumerated-by-neighbouring-report	p3	verifier left-open	unlisted: the callers of task::git_capture (the reporter names no door)	no	no-lost-files	no-break					no-break	recorded			behaviour	The neighbouring report is that enumeration - '34 production call sites ... No cell, on either binary, shows a capture that could not be decoded letting a door destroy bytes no git object holds' - and what it left undriven has entries of its own in this pass.
r1-p3-orphan-walk-aftermath-on-previous-release	p3	verifier left-open	jigc config set and jigc relocate	no	working-product	no-break					no-break	recorded			behaviour	The neighbouring report drove that aftermath on both binaries: 'The candidate and the previous release agree on every cell, byte for byte'.
r1-p3-task-finalize-refuses-staged-non-utf8-text-file	p3	verifier left-open	jigc task finalize	no	working-product	unclear	refuted		False	6	refuted	recorded			behaviour	'One byte 0xE9 in a 13-byte file, default git configuration, nothing planted by plumbing ... it is a door that does not run, which is the second clause's question (`working-product`), and it was not graded'.
r1-p3-rename-mention-advisory-silent-undecodable-listing	p3	verifier left-open	jigc rename	no	working-product	unclear	refuted		False	6	refuted	recorded			behaviour	'two mentions of the old slug go unreported at exit 0. And, read and not driven: ... under default quoting a tracked file whose name git C-quotes is never opened' - the second half is an ordinary state nobody drove.
r1-p3-uninstall-force-names-nothing-undecodable-listing	p3	verifier left-open	jigc uninstall	no	no-lost-files	needs-bound					needs-bound	human			behaviour	'the untracked file is destroyed under consent and neither warning block is printed. The refusal that precedes it ... routes to *make sure `git` is on PATH and the `.jigc/` tree is readable*; git was on `PATH` and the tree was readable' - a route whose condition already holds, in the layout whose support no bound and no ruling places.
r1-p3-amend-refusal-route-spells-c-quoted-name-as-path	p3	verifier left-open	jigc task finalize	no	working-product	unclear	confirmed	False	False	6	confirmed	human			behaviour	'A printed route that spells a C-quoted name as a path ... Not run' - git C-quotes any name with a byte above 0x7F by default, so the state need not be the planted one; the finding lacks a repro block.
r1-p3-milestone-doors-bare-refusal-non-utf8-index-entry	p3	verifier left-open	jigc milestone create and jigc milestone finalize	no	working-product	needs-bound					needs-bound	human			behaviour	'`jigc milestone create` exits 1 (control 0), `jigc milestone finalize` exits 1 (control 0) ... both binaries. None is a `git_capture` site, none loses anything, none was enumerated' - a working-product question its reporter did not grade, in the unruled layout.
r1-p3-post-commit-capture-sites-host-that-holds-the-name	p3	verifier left-open	jigc task finalize and jigc milestone finalize	no	no-lost-files	unclear	refuted		False	8	refuted	recorded			behaviour	'Each propagates its error, so what is open is a door exiting non-zero *after* its commit landed. Read, not driven: one macOS host'; the finding lacks a repro block.
r1-p3-git-capture-commit-message-sites-not-driven	p3	verifier left-open	unlisted: the 5 commit-message call sites of task::git_capture (class B; in jigc task finalize, the commit seam and jigc milestone finalize)	no	no-lost-files	unclear	refuted		False	11	refuted	recorded			coverage	'A commit message that is not UTF-8 - the 5 class-B sites. Not driven'; the finding lacks a repro block.
r1-p3-finalize-text-left-out-list-no-kind	p3	verifier left-open	jigc task finalize	no	working-product	no-break					no-break	recorded			behaviour	'the path is listed under `left-out (unstaged/untracked - git add to include)` with nothing saying that what was left out is a *deletion*' - a line of an exit-0 summary, no refusal's route; no byte is lost and the JSON forecast carries the kind; it has no repro block of its own.
r1-p4-unparseable-adoption-route-refuses-untracked-source	p4	verifier left-open	jigc doc show	no	working-product	unclear					unclear	triage	verified	confirmed	behaviour	the adoption route store.unparseable prints exits 1 for an untracked file; candidate only, not read against its design
r1-p4-not-staged-route-mode-000-repro-b-not-redriven	p4	verifier left-open	jigc doc show	no	working-product	unclear					unclear	triage	verified	confirmed	coverage	the handed block's repro-b (a mode-000 file) was not re-driven
r1-p4-not-staged-block-other-unservable-states-not-enumerated	p4	verifier left-open	jigc doc show	no	working-product	unclear					unclear	triage	verified	confirmed	coverage	the other states that reach not_staged_block's committed-sibling arm without a servable doc were not enumerated
r1-p4-precommit-hook-silent-pass-over-unreadable-entry	p4	verifier left-open	the pre-commit hook jigc setup installs (git commit)	no	working-product	needs-bound					needs-bound	human			coverage	over a mode-000 file the hook lets a staged bare git mv of a managed doc land at exit 0; a planted state, no bound declared
r1-p4-nothing-staged-route-git-add-fails-unreadable-file	p4	verifier left-open	jigc task finalize	no	working-product	unclear					unclear	triage	verified	confirmed	coverage	finalize.nothing-staged's route fails over an unreadable untracked file; whether that state is inside the scope is not settled
r1-p4-doc-create-over-unreadable-home-bare-refusal	p4	verifier left-open	jigc doc create	no	working-product	no-break					no-break	recorded			coverage	a refusal that prints no route has none to fail
r1-p4-relocate-parks-untracked-entry-at-destination	p4	verifier left-open	jigc relocate	no	no-lost-files	unclear					unclear	triage	verified	refuted	behaviour	the candidate parks an untracked entry where the previous release printed blocked; what uninstall does with it was not driven
r1-p4-validate-unreadable-entry-masks-out-of-band-rename	p4	verifier left-open	jigc validate	no	working-product	no-break					no-break	recorded			coverage	a refusal with no route, in the planted state of the class
r1-p4-unreadable-entry-class-linux-root-remaining-cells-not-driven	p4	verifier left-open	unlisted - every door an unreadable *.md at a managed home reaches	no	working-product	unclear					unclear	triage	halted		coverage	Linux and root were driven by nobody for this class, nor the remaining cells it lists
r1-p4-named-pipe-at-managed-home-holds-reading-doors	p4	verifier left-open	unlisted - every door that reads a managed home, and git commit through the installed hook	no	working-product	needs-bound					needs-bound	human			behaviour	a named pipe at a managed home holds every reading door with no message and no limit; a planted state, no bound declared
r1-p4-migrate-corpus-omits-unreadable-doc-silently	p4	verifier left-open	jigc migrate-corpus	no	working-product	no-break					no-break	recorded			coverage	a false count at exit 0, both binaries, no refusal, no byte lost; read by the clause's two limbs
r1-p4-validate-unreadable-entry-masks-schema-version-finding	p4	verifier left-open	jigc validate	no	working-product	no-break					no-break	recorded			coverage	one operational line hides the schema-version finding; a refusal with no route
r1-p4-relocate-blocked-unreadable-doc-no-route	p4	verifier left-open	jigc relocate	no	working-product	no-break					no-break	recorded			coverage	1 blocked with the OS error at exit 0; nothing moved, no route printed
r1-p4-not-found-not-staged-routes-loop-at-resume-door	p4	verifier left-open	jigc start	no	working-product	unclear					unclear	triage	verified	confirmed	behaviour	two refusals route to each other over a doc nobody may read; its reporter says read the other way it is confirmed
r1-p4-reconciliation-rename-route-jigc-rename-not-found	p4	verifier left-open	jigc validate	no	working-product	unclear					unclear	triage	verified	confirmed	behaviour	with no plant, reconciliation.rename's first alternative exits 1 store.not-found; the other alternative works
r1-p4-doc-list-directory-named-md-ends-listing	p4	verifier left-open	jigc doc list	yes	working-product	no-break					no-break	recorded			record	a raw OS error and no route over a planted directory, both binaries; no route to fail
r1-p4-unreadable-entry-refusals-do-not-name-the-file	p4	verifier left-open	jigc validate, the task doors, jigc milestone finalize	no	working-product	no-break					no-break	recorded			coverage	the wording of refusals that print no route
r1-p4-doc-list-refusal-prints-absolute-path	p4	verifier left-open	jigc doc list	yes	working-product	no-break					no-break	recorded			record	the refusal prints the machine's absolute path; both binaries; wording
r1-p4-doc-list-dangling-link-reach-by-jigc-verb-not-driven	p4	verifier left-open	jigc doc list	yes	working-product	unclear					unclear	triage	verified	refuted	coverage	whether a jigc verb can still carry a live link at a home into a dangling one was read, not driven
r1-p4-doc-list-dangling-link-undriven-cells	p4	verifier left-open	jigc doc list	yes	working-product	unclear					unclear	triage	verified	refuted	coverage	not driven: Linux, root, a placement home as a dangling link, prior-home rows, other doors; consumers not enumerated
r1-p4-reading-refusal-without-route-under-working-product	p4	verifier left-open	jigc doc list	yes	working-product	needs-bound					needs-bound	human			behaviour	whether a refusal that prints no route breaks the second clause is a reading its reporter hands to the human
r1-p4-doc-list-dangling-link-block-pinning-note	p4	verifier left-open	jigc doc list	yes	working-product	no-break					no-break	recorded			record	a pinning note; no behaviour
r1-p4-milestone-merged-writer-planted-link-no-declared-bound	p4	verifier left-open	jigc milestone finalize	no	no-lost-files	needs-bound					needs-bound	human			behaviour	an exit-0 loss through a planted link; the scope excludes planted states as declared bounds and the run declares none
r1-p4-milestone-finalize-drops-authored-doc-under-planted-link	p4	verifier left-open	jigc milestone finalize	no	no-lost-files	needs-bound					needs-bound	human			record	under the same plant an authored doc is left out of the commit at exit 0 while the summary counts it and its area is removed
r1-p4-milestone-finalize-refusal-writes-through-planted-link	p4	verifier left-open	jigc milestone finalize	no	no-lost-files	needs-bound					needs-bound	human			behaviour	the boundary exits 3 and the link's target is replaced all the same, under the plant
r1-p4-milestone-merged-link-plant-undriven-cells	p4	verifier left-open	jigc milestone finalize	no	no-lost-files	unclear					unclear	triage	verified	refuted	coverage	not driven: Linux, root, other link shapes, provisioned worktrees, a pre-commit hook as the planting hand
r1-p4-following-writes-class-not-walked	p4	verifier left-open	unlisted - every write in jigc that follows a link	no	no-lost-files	unclear					unclear	triage	verified	refuted	coverage	other following writes in jigc were not walked
r1-p4-staging-area-writers-root-and-linux-not-driven	p4	verifier left-open	jigc doc list	yes	working-product	unclear					unclear	triage	halted		coverage	a root caller and Linux were asked for and not driven
r1-p4-finalize-refuses-tracked-link-home-previous-release-landed	p4	verifier left-open	jigc task finalize	no	working-product	unclear					unclear	triage	verified	refuted	behaviour	over a planted tracked link the candidate exits 3 where the previous release landed; the refusal's route was not driven
r1-p4-finalize-approve-read-only-destination-raw-os-error	p4	verifier left-open	jigc task finalize	no	working-product	unclear					unclear	triage	verified	refuted	behaviour	a raw OS error with a re-run route over a mode-0444 destination; the re-run was not driven
r1-p4-unadopted-instance-route-prints-absolute-path	p4	verifier left-open	jigc validate	no	working-product	no-break					no-break	recorded			behaviour	the route prints the machine's absolute path; both binaries; a spelling
r1-p4-tracked-path-under-task-staging-area-git-writer	p4	verifier left-open	unlisted - the git processes jigc spawns, as writers into a task's staging area	no	no-lost-files	unclear					unclear	triage	verified	refuted	behaviour	a force-added path under a task's staging area is the one state a spawned git would write into; read, not driven
r1-p4-staging-area-writers-undriven-doors	p4	verifier left-open	jigc doc list	yes	working-product	unclear					unclear	triage			coverage	not driven: 11 of 12 doctypes, an amend over a foreign commit, doc-only finalize, relocate, a rename that runs
r1-p4-staging-area-enumeration-bound-and-other-readers	p4	verifier left-open	jigc doc list	yes	working-product	unclear					unclear	triage			coverage	the spawn-site sweep is textual; other readers of a staged doc were not walked
r1-p4-orientation-nothing-staged-under-dangling-link	p4	verifier left-open	jigc start	no	working-product	no-break					no-break	recorded			behaviour	a printed directive that refuses, and no refusal's route; destroys nothing; a planted state
r1-p4-milestone-discard-force-unnamed-staged-doc-under-link	p4	verifier left-open	jigc milestone discard	no	no-lost-files	needs-bound					needs-bound	human			record	--force takes a staged doc named neither before nor after the consent; under a planted link, no bound declared
r1-p4-milestone-discard-json-ack-names-nothing	p4	verifier left-open	jigc milestone discard	no	working-product	no-break					no-break	recorded			behaviour	the json ack names nothing it takes, the control included; not compared against the output contract
r1-p4-milestone-staged-prose-route-not-staged-unreadable-doc	p4	verifier left-open	jigc milestone discard	no	working-product	unclear					unclear	triage	verified	refuted	coverage	milestone.staged-prose's route exits 1 store.not-staged; a route that fails, in a planted state
r1-p4-milestone-finalize-missing-provenance-route-no-command	p4	verifier left-open	jigc milestone finalize	no	working-product	unclear					unclear	triage	verified	refuted	behaviour	join.missing-provenance's route names no command, and it is a route another refusal prints; planted state
r1-p4-orientation-absolute-path-findings-unknown-unreadable-doc	p4	verifier left-open	jigc start	no	working-product	no-break					no-break	recorded			coverage	an absolute path on a line at exit 0 with no route; a spelling
r1-p4-staged-doc-ids-other-plants-linux-root-not-driven	p4	verifier left-open	jigc start and jigc milestone discard	no	no-lost-files	unclear					unclear	triage			coverage	other plants at the two doors, Linux and a root caller were not driven
r1-p4-staged-doc-ids-plant-reach-not-driven	p4	verifier left-open	jigc start and jigc milestone discard	no	no-lost-files	unclear					unclear	triage			coverage	whether a jigc verb or ordinary use can leave such an entry in a staging area was not driven by this reporter
r1-p4-erratum-milestone-door-cell-count-in-report	p4	verifier left-open	jigc milestone discard	no	no-lost-files	no-break					no-break	recorded			behaviour	an erratum in the recorded report: eleven cells said, twelve driven, all identical
r1-p4-uninstall-submodule-refusal-first-route-does-not-clear	p4	verifier left-open	jigc uninstall	no	working-product	unclear					unclear	triage			behaviour	the refusal's first route re-refuses identically in the submodule; candidate only, driven once
r1-p4-uninstall-force-in-submodule-cuts-superproject-hook-block	p4	verifier left-open	jigc uninstall	no	working-product	no-break					no-break	recorded			behaviour	the same on the previous release; the route does what it prints; the ack names no path
r1-p4-validate-upgrade-silent-about-missing-hook-block	p4	verifier left-open	jigc validate and jigc upgrade	no	working-product	no-break					no-break	recorded			behaviour	neither says anything of the missing block; jigc setup restores it
r1-p4-uninstall-force-leaves-settings-json-in-submodule-git-dir	p4	verifier left-open	jigc uninstall	no	working-product	no-break					no-break	recorded			behaviour	an empty settings file setup created stays behind; both binaries; residue
r1-p4-superproject-submodule-undriven-orders	p4	verifier left-open	jigc setup and jigc uninstall	no	working-product	unclear					unclear	triage			coverage	not driven: the reverse install order, the other two-binary order, uninstall in the superproject
r1-p4-shared-hook-jigc-line-names-last-setup-binary	p4	verifier left-open	jigc setup	no	working-product	no-break					no-break	recorded			behaviour	the design's regenerate-on-every-setup, recorded as a fact
r1-p4-setup-ack-local-to-this-checkout-of-shared-hook	p4	verifier left-open	jigc setup	no	working-product	no-break					no-break	recorded			behaviour	the ack's sentences about a shared hook and a non-work-tree; wording
r1-p4-setup-separate-git-dir-commits-into-enclosing-repository	p4	verifier left-open	jigc setup	no	no-lost-files	unclear					unclear	triage			behaviour	setup exits 0 and makes its install commit in an enclosing repository; not driven on the previous release
r1-p4-hook-rename-block-absent-in-linked-worktree	p4	verifier left-open	the pre-commit hook jigc setup installs (git commit in a linked worktree)	no	working-product	unclear					unclear	triage			behaviour	a bare git mv of a managed doc lands unrefused in a linked worktree; open whether the backstop is meant to see it
r1-p4-hook-git-dir-export-validate-children-not-examined	p4	verifier left-open	the pre-commit hook jigc setup installs (git commit)	no	working-product	unclear					unclear	triage			coverage	what the sweep's git children read under git's exported GIT_DIR was not examined
r1-p4-setup-separate-git-dir-refusal-route-not-driven	p4	verifier left-open	jigc setup	no	working-product	unclear					unclear	triage			coverage	setup exits 1 after writing eight files and routes at a directory already writable; the re-run was not driven
r1-p4-setup-bare-repository-pointer-installs-outside-work-tree	p4	verifier left-open	jigc setup	no	no-lost-files	unclear					unclear	triage			behaviour	setup exits 0 and installs at a directory that is no work tree, with no install commit
r1-p4-two-installs-one-hook-other-layouts-not-driven	p4	verifier left-open	jigc setup and jigc uninstall	no	working-product	unclear					unclear	triage			coverage	two installs sharing one hook file in other layouts: neither driven, the layouts not enumerated
r1-p4-hook-layouts-undriven-cells-and-previous-release	p4	verifier left-open	jigc setup	no	no-lost-files	unclear					unclear	triage			coverage	not driven: uninstall in any layout, further hooksPath layouts, the previous release in any layout
r1-p4-uninstall-writability-sentence-other-causes-not-driven	p4	verifier left-open	jigc uninstall	no	working-product	unclear					unclear	triage			coverage	uninstall prints the same writability sentence; driven by neither of these two reporters
r1-p4-setup-writability-route-names-directory-not-parent	p4	verifier left-open	jigc setup	no	working-product	no-break					no-break	recorded			behaviour	the route works; its sentence names the directory where the act is on the parent; wording
r1-p4-setup-over-compiled-program-hook-not-driven	p4	verifier left-open	jigc setup	no	working-product	unclear					unclear	triage			coverage	a compiled-program hook would reach the read failure whose route is reported dead; not driven
r1-p4-setup-writability-route-undriven-causes	p4	verifier left-open	jigc setup	no	working-product	unclear					unclear	triage			coverage	not driven: further causes of the refusal, --force, json, runs without the git-config masks
r1-p4-uninstall-six-other-teardown-refusals-same-route-shape	p4	verifier left-open	jigc uninstall	no	working-product	unclear					unclear	triage			coverage	six other teardown refusals carry a route of the same shape; read, not driven
r1-p4-uninstall-refusal-leaves-teardown-half-done	p4	verifier left-open	jigc uninstall	no	working-product	unclear					unclear	triage			behaviour	a refusal at step 6 leaves the teardown half done; what that means for the re-run the route names was not pursued
r1-p4-uninstall-writes-through-outward-hook-link	p4	verifier left-open	jigc uninstall	no	no-lost-files	unclear					unclear	triage			behaviour	uninstall writes through a link to a file outside the repository at exit 0; no bytes lost as driven; no ruling covers it
r1-p4-uninstall-ignores-installed-hook-after-hookspath-change	p4	verifier left-open	jigc uninstall	no	working-product	unclear					unclear	triage			behaviour	after core.hooksPath changed the teardown never looks at the hook jigc installed; the exit-0 cell was not driven
r1-p4-uninstall-removes-hook-link-leaves-block-at-links-end	p4	verifier left-open	jigc uninstall	no	no-lost-files	unclear					unclear	triage			behaviour	the teardown removes the adopter's hook link and leaves jigc's block at the link's end, under removed pre-commit hook
r1-p4-uninstall-writability-refusal-undriven-causes	p4	verifier left-open	jigc uninstall	no	working-product	unclear					unclear	triage			coverage	not driven for this refusal: further causes, --force, json, a linked worktree, mixed binaries
r1-p4-uninstall-warning-outward-link-outside-file-not-driven	p4	verifier left-open	jigc uninstall	no	working-product	unclear					unclear	triage			coverage	the warning would name an outside file under Delete the file yourself; not driven
r1-p4-uninstall-kept-hook-sentence-not-tested	p4	verifier left-open	jigc uninstall	no	working-product	unclear					unclear	triage			coverage	the warning's sentence about the kept hook was not tested: no commit was made through it
r1-p4-setup-after-warned-delete-dangling-hook-link-refuses-once	p4	verifier left-open	jigc setup	no	working-product	no-break					no-break	recorded			behaviour	setup exits 1 once; its route names the real link and works
r1-p4-uninstall-force-linked-hook-block-pinning-note	p4	verifier left-open	jigc uninstall	no	working-product	no-break					no-break	recorded			record	a pinning note; what --force owes a linked hook is undecided
r1-p4-display-hook-path-undriven-states	p4	verifier left-open	jigc setup and jigc uninstall	no	working-product	unclear					unclear	triage			coverage	not driven: a link to an untracked or ignored script and four further states
r1-p4-setup-make-executable-failure-not-driven-on-candidate	p4	verifier left-open	jigc setup	no	working-product	unclear					unclear	triage			coverage	make_executable failing is still undriven on the candidate
r1-p4-setup-hook-linked-to-dev-null-route-names-dev-null	p4	verifier left-open	jigc setup	no	working-product	breaks					breaks	triage			behaviour	the refusal tells the reader to remove the link at /dev/null; the act that works is removing .git/hooks/pre-commit
r1-p4-setup-writability-route-directory-or-unreadable-hook	p4	verifier left-open	jigc setup	no	working-product	unclear					unclear	triage			coverage	the writability route re-refuses over a directory or an unreadable hook; its reporter leaves these rare states' weight to triage
r1-p4-setup-install-hook-refusal-after-install-files-written	p4	verifier left-open	jigc setup	no	working-product	no-break					no-break	recorded			behaviour	the refusal comes after jigc's own install files are written; the next successful run commits them
r1-p4-setup-splices-into-hook-once-readable	p4	verifier left-open	jigc setup	no	working-product	no-break					no-break	recorded			behaviour	observed; the user's line is kept; nothing wrong reported
r1-p4-setup-install-hook-undriven-sites	p4	verifier left-open	jigc setup	no	working-product	unclear					unclear	triage			coverage	not driven: the current_exe site, resolve_hooks_dir failures, a special file, other layouts
r1-p4-validation-doc-silent-on-where-stamp-is-read	p4	verifier left-open	jigc validate	no	working-product	no-break					no-break	recorded			record	design/validation.md never states that the stamp leg reads the work tree's bytes; a documentation gap
r1-p4-validate-green-line-says-committed-with-unstaged-deletion	p4	verifier left-open	jigc validate	no	working-product	no-break					no-break	recorded			behaviour	a sentence on the green line; not examined against law 1
r1-p4-validate-names-only-on-disk-orphan	p4	verifier left-open	jigc validate	no	working-product	no-break					no-break	recorded			behaviour	the mechanism its verifier found intended, seen with two orphans
r1-p4-doc-list-over-orphan-absent-from-work-tree-not-driven	p4	verifier left-open	jigc doc list	yes	working-product	unclear					unclear	triage			coverage	jigc doc list, the second consumer of orphaned_instances, was not driven under this state
r1-p4-orphan-absent-verdict-basis-note	p4	verifier left-open	jigc validate	no	working-product	no-break					no-break	recorded			behaviour	a note on its row's basis; refuted as a blocker either way
r1-p4-orphan-absent-file-posture-unpinned	p4	verifier left-open	jigc validate	no	working-product	no-break					no-break	recorded			record	a coverage gap, by a scan of names
r1-p4-orphan-absent-class-instance-unbounded	p4	verifier left-open	jigc validate	no	working-product	no-break					no-break	recorded			behaviour	the class statement of a behaviour its verifier found intended; the named undriven consumer is its own row
r1-p4-validate-unreadable-orphan-ownership-root-linux-not-driven	p4	verifier left-open	jigc validate	no	working-product	unclear					unclear	triage			coverage	the false green was not driven by ownership, as root, or on Linux
r1-p4-reading-rely-on-and-exit-0-false-green	p4	verifier left-open	jigc validate	no	working-product	needs-bound					needs-bound	human			behaviour	whether rely on reaches an exit-0 false green the previous release prints too is the human's to say
r1-p4-validate-unreadable-docs-root-names-repository-root	p4	verifier left-open	jigc validate	no	working-product	no-break					no-break	recorded			coverage	a refusal that names the wrong directory and prints no route; identical on both binaries
r1-p4-validate-two-postures-for-unreadable-entry	p4	verifier left-open	jigc validate	no	working-product	no-break					no-break	recorded			coverage	two answers to one condition, ruled nowhere; a design question
r1-p4-doc-list-over-unreadable-orphan-not-driven	p4	verifier left-open	jigc doc list	yes	working-product	unclear					unclear	triage			coverage	jigc doc list, the round's one door, was not driven under these plants
r1-p4-migration-of-upper-case-file-stage-failed-route-refuses	p4	verifier left-open	jigc task finalize	no	working-product	breaks					breaks	triage			behaviour	the migration cannot land and finalize.stage-failed's printed re-run refuses again at exit 3; both binaries
r1-p4-finalize-rollback-conflict-false-sentence-leaves-rewrite	p4	verifier left-open	jigc task finalize	no	no-lost-files	no-break					no-break	recorded			record	a false sentence on a refusal; the original is in HEAD and parked
r1-p4-conflict-block-route-after-failed-migration-not-driven	p4	verifier left-open	jigc task finalize	no	working-product	unclear					unclear	triage			coverage	conflict-block's routes on the re-run were not driven
r1-p4-migration-review-hold-names-two-spellings-of-one-file	p4	verifier left-open	jigc task finalize	no	working-product	no-break					no-break	recorded			behaviour	wording of the review hold
r1-p4-ingest-case-rename-route-not-driven	p4	verifier left-open	jigc ingest	no	working-product	unclear					unclear	triage			coverage	ingest's route for this file was not driven
r1-p4-migration-source-equals-destination-undriven-states	p4	verifier left-open	jigc task finalize	no	no-lost-files	unclear					unclear	triage			coverage	undriven states, the milestone commit boundary among them, which promotes and retires too
r1-p4-doc-list-prints-id-no-door-takes-seen-again	p4	verifier left-open	jigc doc list	yes	working-product	unclear					unclear	triage			record	doc list prints an id no door takes, and doc show's refusal routes back to doc list; no design text read settles it
r1-p4-two-case-spellings-side-by-side-not-driven	p4	verifier left-open	jigc doc list, jigc doc show, jigc ingest and jigc migrate	yes	working-product	unclear					unclear	triage			coverage	two spellings side by side at one home were not driven
r1-p4-doc-show-lowercase-ignorecase-mismatch-and-linux-not-driven	p4	verifier left-open	jigc doc show	no	working-product	unclear					unclear	triage			coverage	not driven: core.ignorecase disagreeing with its volume; a Linux file system
r1-p4-doc-show-not-found-route-task-read-not-driven	p4	verifier left-open	jigc doc show	no	working-product	unclear					unclear	triage			coverage	the store.not-found route's placeholder command was not driven with an open task
r1-p4-address-doors-case-sensitive-volume-not-driven	p4	verifier left-open	unlisted - the doors that take a <type>:<slug> address	no	working-product	unclear					unclear	triage			coverage	the other address doors were not driven on a case-sensitive volume
r1-p4-finalize-exit-0-commits-without-doc-lowercase-address	p4	verifier left-open	jigc task finalize	no	no-lost-files	unclear					unclear	triage			record	finalize exits 0 and commits without the doc the task wrote; validate then exits 1; no byte lost, clause ungraded
r1-p4-finalize-base-mismatch-after-ingest-case-rename	p4	verifier left-open	jigc task finalize	no	working-product	unclear					unclear	triage			behaviour	after ingest's printed git mv the task exits 3; its route names no command, or discard
r1-p4-copy-in-records-baseline-under-spelling-no-file-has	p4	verifier left-open	jigc doc set-slot	no	no-lost-files	unclear					unclear	triage			behaviour	candidate only: a file-state baseline under a spelling no file has; the previous release writes none
r1-p4-task-validate-two-spellings-clean-before-failing-finalize	p4	verifier left-open	jigc task validate	no	working-product	no-break					no-break	recorded			behaviour	advisories at exit 0; no refusal
r1-p4-validate-ingest-say-no-address-reaches-file	p4	verifier left-open	jigc validate and jigc ingest	no	working-product	no-break					no-break	recorded			behaviour	a sentence, no route
r1-p4-rename-lowercase-address-refusal-wording-and-ordering	p4	verifier left-open	jigc rename	no	working-product	no-break					no-break	recorded			record	wording and ordering, by its reporter's own account
r1-p4-unmanage-address-operand-no-op-exit-0	p4	verifier left-open	jigc unmanage	no	working-product	no-break					no-break	recorded			behaviour	a no-op at exit 0 echoing the operand
r1-p4-lowercase-address-six-doors-not-driven	p4	verifier left-open	unlisted - six address doors of the registry: doc add-item, doc remove-item, doc retitle-item, doc rename, task bind, milestone add-from-spec	no	working-product	unclear					unclear	triage			coverage	six address doors were not driven; the write verbs that were driven are reported red
r1-p4-identity-change-route-doc-rename-exits-1-over-foreign-file	p4	verifier left-open	jigc doc author	no	working-product	breaks					breaks	triage			record	with no case fold, write.identity-change's printed jigc doc rename route exits 1; both binaries
r1-p4-non-reparseable-route-names-neither-broken-thing	p4	verifier left-open	jigc doc author	no	working-product	unclear					unclear	triage			behaviour	the route names neither broken thing; the task started over meets the same refusal
r1-p4-refused-doc-author-leaves-file-state-lock	p4	verifier left-open	jigc doc author	no	working-product	unclear					unclear	triage			record	candidate only: a refused author leaves an empty lock file that outlives the discard
r1-p4-provenance-row-of-rolled-back-doc-survives	p4	verifier left-open	jigc doc author	no	working-product	unclear					unclear	triage			record	whether the by-task-id join reads the surviving row was not examined
r1-p4-doc-author-nothing-persisted-undriven-cells	p4	verifier left-open	jigc doc author	no	working-product	unclear					unclear	triage			coverage	not driven: a non-folding volume, other doctypes, doc create, two other refusals
r1-p4-nothing-was-persisted-sentence-unpinned	p4	verifier left-open	jigc doc author	no	working-product	no-break					no-break	recorded			record	a coverage gap
r1-p4-verifier-process-note-scratch-scripts-by-file-tool	p4	verifier left-open	none - the verifier's own conduct under the REPORT contract	no	working-product	no-break					no-break	recorded			behaviour	a process note about the verifier's own run; no behaviour of the binary
r1-p4-doc-list-task-reports-foreign-file-managed	p4	verifier left-open	jigc doc list	yes	working-product	unclear					unclear	triage			record	doc list --task reports a foreign file as managed; graded by its reporter against no-lost-files only
r1-p4-task-validate-one-file-two-readings-after-refused-rename	p4	verifier left-open	jigc task validate	no	working-product	no-break					no-break	recorded			behaviour	advisories; candidate only
r1-p4-task-discard-says-no-commit-holds-copy-of-head-blob	p4	verifier left-open	jigc task discard	no	no-lost-files	no-break					no-break	recorded			behaviour	a sentence erring toward caution; candidate only
r1-p4-refused-doc-rename-leaves-copy-in-and-binding	p4	verifier left-open	jigc doc rename	no	no-lost-files	no-break					no-break	recorded			record	harmless in the control; whether a refusal should stage anything is the design's to say
r1-p4-refused-doc-rename-conformant-foreign-file-not-driven	p4	verifier left-open	jigc doc rename	no	no-lost-files	unclear					unclear	triage			coverage	not driven: the cell its reporter says could reach the first clause
r1-p4-refused-doc-rename-undriven-volume-and-previous-release	p4	verifier left-open	jigc doc rename	no	no-lost-files	unclear					unclear	triage			coverage	not driven: a non-folding volume; several cells on the previous release
r1-p4-rename-moves-and-rewrites-unadopted-file	p4	verifier left-open	jigc rename	no	no-lost-files	unclear					unclear	triage			behaviour	rename moved, rewrote and committed a file jigc never adopted, at exit 0; candidate only
r1-p4-rename-frame-names-identity-listing-does-not-hold	p4	verifier left-open	jigc rename	no	working-product	no-break					no-break	recorded			behaviour	a sentence of the frame
r1-p4-rename-cause-line-does-not-name-case-difference	p4	verifier left-open	jigc rename	no	working-product	no-break					no-break	recorded			behaviour	wording
r1-p4-rename-refusal-undriven-volume-and-previous-release	p4	verifier left-open	jigc rename	no	working-product	unclear					unclear	triage			coverage	not driven: a non-folding volume; the route's halves and controls on the previous release
r1-p4-rename-repro-r-1-never-run-whole	p4	verifier left-open	jigc rename	no	working-product	no-break					no-break	recorded			behaviour	a note on the block: no single rig ran its five commands in a row
r1-p4-source-untracked-route-cures-one-of-two-reasons	p4	verifier left-open	jigc migrate	no	no-lost-files	unclear					unclear	triage			behaviour	the refusal gives two reasons and its route cures one; whether that is a false surface claim under the M51 ruling is ungraded
r1-p4-approve-ack-does-not-name-removal-staged-only-source	p4	verifier left-open	jigc task finalize	no	no-lost-files	no-break					no-break	recorded			behaviour	the removal is named on the hold and in the composed step, not on the ack; wording
r1-p4-composed-step-says-nothing-to-recover-from	p4	verifier left-open	jigc migrate	no	no-lost-files	no-break					no-break	recorded			behaviour	a statement stronger than the fact, toward caution
r1-p4-unadopted-instance-advisory-miscalls-file	p4	verifier left-open	jigc validate and jigc task finalize	no	working-product	no-break					no-break	recorded			behaviour	the advisory miscalls the file and is printed for the file the same call retires; wording
r1-p4-staged-source-edited-after-git-add-not-driven	p4	verifier left-open	jigc task finalize	no	no-lost-files	unclear					unclear	triage			coverage	not driven: a source edited after the route's git add - bytes only the worktree holds, at a call that retires the file
r1-p4-unreachable-blob-lifetime-not-driven	p4	verifier left-open	jigc task finalize	no	no-lost-files	unclear					unclear	triage			coverage	how long the unreachable blob lasts was not driven
r1-p4-adoption-chain-upper-previous-release-not-driven	p4	verifier left-open	jigc task finalize	no	no-lost-files	unclear					unclear	triage			coverage	the whole chain for UPPER.md was driven on the candidate only
r1-p4-reading-git-object-reachable-staged-only-adoption	p4	verifier left-open	jigc task finalize	no	no-lost-files	needs-bound					needs-bound	human			behaviour	whether a git object means a reachable one: read that way the staged-only adoption breaks the clause; a ruling for the human
r1-p4-staged-source-adoption-no-deletion-row-seen-again	p4	verifier left-open	jigc task finalize	no	no-lost-files	unclear					unclear	triage			behaviour	seen again in four rigs and not examined here against the clause
r1-p4-setup-install-commit-carries-settings-entries-json	p4	verifier left-open	jigc setup	no	no-lost-files	unclear					unclear	triage			behaviour	a difference between the binaries' install commits that nobody looked into
r1-p4-adoption-route-upper-other-platform-not-driven	p4	verifier left-open	jigc validate	no	working-product	unclear					unclear	triage			coverage	the runner CI uses was not driven
r1-p4-adoption-route-upper-blocks-pinnability-note	p4	verifier left-open	jigc validate	no	working-product	no-break					no-break	recorded			record	a pinnability note
r1-p4-not-staged-over-strand-verdict-reading-note	p4	verifier left-open	jigc doc show	no	working-product	no-break					no-break	recorded			behaviour	a statement of the reading its row's verdict rests on; it adds no behaviour, and that row carries it
r1-p4-not-staged-route-create-or-author-gate-blocked	p4	verifier left-open	jigc doc show	no	working-product	breaks					breaks	triage			behaviour	store.not-staged's route is printed for a task whose workflow grants no create; both acts exit 1 create.gate-blocked
r1-p4-doc-create-over-strand-second-doc-seen-again	p4	verifier left-open	jigc doc create	no	no-lost-files	unclear					unclear	triage			record	doc create over the strand stages a second doc of a committed identity at exit 0; not finalized here
r1-p4-set-slot-over-strand-bare-refusal-line	p4	verifier left-open	jigc doc set-slot	no	working-product	no-break					no-break	recorded			behaviour	a refusal that prints no route
r1-p4-reading-incorrect-thing-written-second-doc	p4	verifier left-open	jigc doc create and jigc task finalize	no	no-lost-files	needs-bound					needs-bound	human			behaviour	whether a second committed doc of one id is an incorrect thing written when the user typed the create; the human's to give
r1-p4-unregistered-doc-never-adopted-after-reset-strand	p4	verifier left-open	jigc validate	no	working-product	unclear					unclear	triage			record	validate says never adopted of a doc jigc created and relocated; the advisory's route was not run
r1-p4-unregistered-doc-route-prints-absolute-path	p4	verifier left-open	jigc validate	no	working-product	no-break					no-break	recorded			record	an absolute host path in a route; a spelling
r1-p4-reconciliation-rename-routes-unmanage-of-staged-path	p4	verifier left-open	jigc task validate and jigc task finalize	no	working-product	unclear					unclear	triage			behaviour	the advisory routes jigc unmanage of a path this task stages a copy of; the route was not run
r1-p4-fork-doc-list-row-for-knob-stranded-doc	p4	verifier left-open	jigc doc list	yes	working-product	no-break					no-break	recorded			record	a design fork its reporter hands to the human; no clause speaks to it
r1-p4-config-set-root-knob-moves-nothing-non-utf8-entry	p4	verifier left-open	jigc config set	no	no-lost-files	unclear					unclear	triage			coverage	config set lands a root knob and moves nothing under a non-UTF-8 index entry, at exit 0; both binaries
r1-p4-validate-silent-about-strand-under-non-utf8-entry	p4	verifier left-open	jigc validate	no	working-product	unclear					unclear	triage			behaviour	validate is silent about the strand while the entry stands; its reporter says it may already be a row
r1-p4-task-validate-bare-line-under-non-utf8-index-entry	p4	verifier left-open	jigc task validate	no	working-product	no-break					no-break	recorded			behaviour	a refusal that prints no route; both binaries
r1-p4-orientation-run-directives-not-driven-non-utf8-entry	p4	verifier left-open	jigc start	no	working-product	unclear					unclear	triage			coverage	the other three Run: directives were not driven in this state
r1-p4-start-json-findings-unavailable-per-invocation-path	p4	verifier left-open	jigc start	no	working-product	no-break					no-break	recorded			behaviour	a machine field that differs on every call; whether a driver keys on it was not examined
r1-p4-printed-path-fence-no-row-for-materialize-index	p4	verifier left-open	jigc start	no	working-product	no-break					no-break	recorded			record	a fence gap, read
r1-p4-start-orientation-block-pinnability-note	p4	verifier left-open	jigc start	no	working-product	no-break					no-break	recorded			record	a pinnability note
r1-p4-doc-list-shows-unmanaged-doc-managed-after-repair	p4	verifier left-open	jigc doc list	yes	working-product	no-break					no-break	recorded			record	the doc is back in the listing after unmanage and a repair; both binaries; a design question
r1-p4-unregistered-doc-says-never-adopted-after-unmanage	p4	verifier left-open	jigc validate	no	working-product	no-break					no-break	recorded			record	an untrue diagnosis in an advisory whose route was run and works; wording
r1-p4-unregistered-doc-route-names-moved-away-path	p4	verifier left-open	jigc validate	no	working-product	unclear					unclear	triage			record	the route names a file no longer on disk; the route was not run
r1-p4-doc-show-stale-unmanage-offer-placement-and-json	p4	verifier left-open	jigc doc show	no	working-product	unclear					unclear	triage			record	the placement twin of the stale unmanage offer, a dead alternative; json not driven
r1-p4-finalize-after-unmanage-arms-of-show-route-not-driven	p4	verifier left-open	jigc task finalize	no	working-product	unclear					unclear	triage			coverage	nothing was finalized after any arm
r1-p4-doc-show-stale-offer-block-pinning-note	p4	verifier left-open	jigc doc show	no	working-product	no-break					no-break	recorded			record	a pinning note
r1-p4-migrate-help-says-ingest-advisory-routes-migrate	p4	verifier left-open	jigc validate	no	working-product	no-break					no-break	recorded			behaviour	two surfaces disagree on the door; the printed route works
r1-p4-migration-commit-lands-pending-manifest	p4	verifier left-open	jigc task finalize	no	no-lost-files	no-break					no-break	recorded			behaviour	the documented staging, named on the receipt; a sentence of the composed text says otherwise
r1-p4-live-task-finalize-after-migrate-route-not-driven	p4	verifier left-open	jigc task finalize	no	working-product	unclear					unclear	triage			coverage	the live task's finalize after the doc moved was not driven
r1-p4-unregistered-doc-route-undriven-cells	p4	verifier left-open	jigc validate	no	working-product	unclear					unclear	triage			coverage	four cells of the route were not driven
r1-p4-unregistered-doc-route-placement-fallback-json-not-driven	p4	verifier left-open	jigc validate	no	working-product	unclear					unclear	triage			coverage	not driven: the placement arm's route, the fallback, json of every step
r1-p4-unregistered-doc-block-pinnability-note	p4	verifier left-open	jigc validate	no	working-product	no-break					no-break	recorded			record	a pinnability note
r1-p4-unregistered-doc-route-emitted-command-unpinned	p4	verifier left-open	jigc validate	no	working-product	no-break					no-break	recorded			record	a coverage gap
r1-p4-ref-resolves-route-create-arm-gate-blocked	p4	verifier left-open	jigc task finalize	no	working-product	unclear					unclear	triage			behaviour	one arm of the refusal's prose route exits 1 in this task; another arm works; both binaries
r1-p4-unmanage-silent-about-open-task-reference	p4	verifier left-open	jigc unmanage	no	working-product	no-break					no-break	recorded			behaviour	the ack is silent about the task; the task's later refusal is the gate and its route works
r1-p4-finalize-ref-resolves-over-stranded-target-names-no-strand	p4	verifier left-open	jigc task finalize	no	working-product	unclear					unclear	triage			behaviour	the refusal says the committed, stranded target resolves nowhere and names neither the strand nor its repair
r1-p4-finalize-design-stage-sentence-against-own-rollback-table	p4	verifier left-open	jigc task finalize	no	working-product	no-break					no-break	recorded			record	a sentence of design/finalize.md against its own rollback table; the binary follows the table
r1-p4-finalize-after-orphaned-doc-route-remaining-arms	p4	verifier left-open	jigc task finalize	no	working-product	unclear					unclear	triage			coverage	the remaining arms and cells its list names were not driven
r1-p4-ingest-after-hand-move-keeps-prior-file-state-keys	p4	verifier left-open	jigc ingest	no	no-lost-files	unclear					unclear	triage			behaviour	the file-state record keeps two prior keys; whether a door later reads them was not driven
r1-p4-unmanage-stranded-placement-doc-edges-not-exercised	p4	verifier left-open	jigc unmanage	no	working-product	unclear					unclear	triage			coverage	whether a stranded placement doc's edges are dropped was not exercised
r1-p4-finalize-after-placement-strand-arms-not-driven	p4	verifier left-open	jigc task finalize	no	working-product	unclear					unclear	triage			coverage	nothing was finalized after any arm
r1-p4-task-validate-clean-before-finalize-refuses-non-utf8-file	p4	verifier left-open	jigc task validate	no	working-product	no-break					no-break	recorded			behaviour	its reporter found no sentence it contradicts
r1-p4-migration-finalize-capture-helper-callers-not-enumerated	p4	verifier left-open	jigc task finalize	no	working-product	unclear					unclear	triage			coverage	another capture helper refuses before the review hold; its other callers were not enumerated
r1-p4-migration-approve-commits-staged-file-not-the-migrations	p4	verifier left-open	jigc task finalize	no	no-lost-files	unclear					unclear	triage			behaviour	--approve of a migration commits a staged file that is not the migration's; both binaries; ungraded by its reporter
r1-p4-handed-block-control-does-not-hold-empty-commit	p4	verifier left-open	jigc task finalize	no	working-product	no-break					no-break	recorded			behaviour	a fault of the handed block's control, not of the binary
r1-p4-finalize-lands-when-git-treats-file-as-binary	p4	verifier left-open	jigc task finalize	no	working-product	no-break					no-break	recorded			behaviour	observed, not a route; the binary prints neither
r1-p4-finalize-non-utf8-text-file-undriven-shapes	p4	verifier left-open	jigc task finalize	no	working-product	unclear					unclear	triage			coverage	other encodings and shapes of the same state, and Linux, were not driven
r1-p4-rename-mention-scan-other-quoted-names-not-driven	p4	verifier left-open	jigc rename	no	working-product	unclear					unclear	triage			coverage	by reading the scan skips further name shapes; none driven, the class unbounded
r1-p4-rename-empty-advisory-reads-like-undecodable-listing	p4	verifier left-open	jigc rename	no	working-product	no-break					no-break	recorded			behaviour	an empty advisory prints no line; exit 0, no route
r1-p4-line-oriented-git-listing-consumers-not-traced	p4	verifier left-open	unlisted - the call sites that take path names from a line-oriented git listing read without -z	no	working-product	unclear					unclear	triage			behaviour	which of the 14 sites use the line as a path, and which routes are built from one, was not traced
r1-p4-rename-mention-block-pinning-note	p4	verifier left-open	jigc rename	no	working-product	no-break					no-break	recorded			record	a pinning note
r1-p4-amend-refusal-route-preview-door-not-driven	p4	verifier left-open	the preview door - TaskArea::preview_gates	no	working-product	unclear					unclear	triage			coverage	the preview shares the producer and would print the route its row reports dead; read, not driven
r1-p4-amend-refusal-message-and-locus-c-quoted-spelling	p4	verifier left-open	jigc task finalize	no	working-product	no-break					no-break	recorded			behaviour	the spelling in the message and locus; wording beside the route its row carries
r1-p4-amend-refusal-route-undriven-name-shapes	p4	verifier left-open	jigc task finalize	no	working-product	unclear					unclear	triage			coverage	not driven: the original 0xFF entry and names git quotes under every setting
r1-p4-amend-refusal-route-non-regression-weight-note	p4	verifier left-open	jigc task finalize	no	working-product	no-break					no-break	recorded			behaviour	a question about its row's weight and no behaviour; that row carries the failure
r1-p4-task-finalize-exits-1-after-commit-planted-hook	p4	verifier left-open	jigc task finalize	no	working-product	needs-bound					needs-bound	human			behaviour	exits 1 after its commit landed, the area gone; a real defect in a planted state, no bound declared
r1-p4-milestone-finalize-exits-1-after-commit-planted-hook	p4	verifier left-open	jigc milestone finalize	no	working-product	needs-bound					needs-bound	human			behaviour	exits 1 after its boundary commit landed and leaves the worktree registered; the same planted state, no bound declared
r1-p4-finalize-doors-refuse-staged-non-utf8-name	p4	verifier left-open	jigc task finalize and jigc milestone finalize	no	working-product	unclear					unclear	triage			behaviour	both doors refuse work that stages a non-UTF-8 name, with no route; the previous release was not driven
r1-p4-amend-arm-no-file-state-record-when-note-fires	p4	verifier left-open	jigc task finalize	no	no-lost-files	unclear					unclear	triage			behaviour	no file-state record is written when the note fires; whether it is rebuilt was not followed
r1-p4-landed-summary-c-quoted-name-and-no-hash-record	p4	verifier left-open	jigc task finalize	no	no-lost-files	unclear					unclear	triage			behaviour	a C-quoted name printed as a path, and no hash recorded for it; not pursued
r1-p4-milestone-finalize-removes-worktree-with-untracked-file	p4	verifier left-open	jigc milestone finalize	no	no-lost-files	unclear					unclear	triage			behaviour	at exit 0 it removed a worktree holding an untracked file; whether a genuinely untracked file goes the same way was not examined
r1-p4-left-out-list-names-one-entry-after-landing	p4	verifier left-open	jigc task finalize	no	working-product	no-break					no-break	recorded			behaviour	possibly an artefact of the volume's second name; a list on a landed summary
r1-p4-post-commit-capture-real-host-previous-release-not-driven	p4	verifier left-open	jigc task finalize and jigc milestone finalize	no	no-lost-files	unclear					unclear	triage			coverage	a host that holds the name and the previous release were not driven
r1-p4-amend-dry-run-bare-refusal-undecodable-head-subject	p4	verifier left-open	jigc task finalize	no	working-product	no-break					no-break	recorded			behaviour	a refusal that prints no route, while the committing run exits 0
r1-p4-amend-arm-drops-co-author-trailer-undecodable-message	p4	verifier left-open	jigc task finalize	no	no-lost-files	unclear					unclear	triage			behaviour	the amend arm drops the co-author trailer at exit 0, against the adapter design; driven with nothing planted under one git setting
r1-p4-task-finalize-exits-1-after-commit-latin1-log-output	p4	verifier left-open	jigc task finalize	no	working-product	unclear					unclear	triage			behaviour	exits 1 after its commit landed with nothing planted but one git setting; both binaries
r1-p4-milestone-finalize-exits-1-after-commits-latin1-log-output	p4	verifier left-open	jigc milestone finalize	no	working-product	unclear					unclear	triage			behaviour	exits 1 after two commits landed and leaves a worktree no milestone owns; what removes it was not driven
r1-p4-milestone-provision-failed-says-0-landed-worktree-registered	p4	verifier left-open	jigc milestone provision	no	working-product	no-break					no-break	recorded			behaviour	a false count on a refusal whose printed re-run works
r1-p4-task-amend-ack-no-subject-line-undecodable-subject	p4	verifier left-open	jigc task amend	no	working-product	no-break					no-break	recorded			behaviour	wording of the ack
r1-p4-amend-empty-commit-frame-says-fix-the-hooks-complaint	p4	verifier left-open	jigc task finalize	no	working-product	unclear					unclear	triage			behaviour	the frame says Fix the hook's complaint where no hook ran; candidate only, one run, no block of its own
r1-p4-milestone-aggregate-subject-site-not-reached	p4	verifier left-open	jigc milestone finalize	no	no-lost-files	unclear					unclear	triage			coverage	site 4 was not reached with an undecodable capture
r1-p4-commit-encoding-non-utf8-not-driven	p4	verifier left-open	jigc task finalize and jigc milestone finalize	no	no-lost-files	unclear					unclear	triage			coverage	a non-UTF-8 i18n.commitEncoding was not driven
r1-p4-reading-ordinary-git-configuration-log-output-encoding	p4	verifier left-open	jigc task finalize and jigc milestone finalize	no	no-lost-files	needs-bound					needs-bound	human			behaviour	whether a non-UTF-8 i18n.logOutputEncoding is ordinary git configuration; the human's to say
r1-p4-prescribed-plant-commit-tree-reencodes-message	p4	verifier left-open	none - the plant triage prescribed for the re-drive	no	no-lost-files	no-break					no-break	recorded			behaviour	the prescribed plant makes no such state; a probe built on it reads green
